timestamp,dt_utc,DrivePress,Pplat,PEEP,PIP,ftotal,PR,Vte,dP_calc,MP_calc
1785715283831,00:01:23,6.0,11.0,5.0,13.0,31,,129,6.0,3.92
1785715291830,00:01:31,1.0,7.0,6.0,15.0,20,,183,1.0,5.20
1785715294829,00:01:34,2.0,7.0,5.0,14.0,20,,185,2.0,4.71
1785715295829,00:01:35,3.0,8.0,5.0,14.0,17,,185,3.0,3.85
1785715298826,00:01:38,8.0,13.0,5.0,14.0,17,,181,8.0,3.02
1785715299829,00:01:39,8.0,13.0,5.0,14.0,15,,181,8.0,2.66
1785715302831,00:01:42,8.0,13.0,5.0,14.0,15,,182,8.0,2.68
1785715303830,00:01:43,8.0,13.0,5.0,14.0,15,,182,8.0,2.68
1785715306829,00:01:46,8.0,13.0,5.0,14.0,15,,186,8.0,2.73
1785715307830,00:01:47,8.0,13.0,5.0,14.0,15,,186,8.0,2.73
1785715311829,00:01:51,8.0,13.0,5.0,14.0,15,,186,8.0,2.73
1785715315829,00:01:55,8.0,13.0,5.0,14.0,15,,186,8.0,2.73
1785715316827,00:01:56,8.0,13.0,5.0,14.0,15,,186,8.0,2.73
1785715319828,00:01:59,8.0,13.0,5.0,14.0,15,,184,8.0,2.70
1785715323833,00:02:03,8.0,13.0,5.0,14.0,15,,185,8.0,2.72
1785715327830,00:02:07,8.0,13.0,5.0,14.0,15,,183,8.0,2.69
1785715328832,00:02:08,8.0,13.0,5.0,14.0,15,,183,8.0,2.69
1785715331837,00:02:11,8.0,13.0,5.0,14.0,15,,183,8.0,2.69
1785715332833,00:02:12,8.0,13.0,5.0,14.0,15,,183,8.0,2.69
1785715335830,00:02:15,8.0,13.0,5.0,14.0,15,,182,8.0,2.68
1785715336830,00:02:16,8.0,13.0,5.0,14.0,15,,182,8.0,2.68
1785715339834,00:02:19,8.0,13.0,5.0,14.0,15,,182,8.0,2.68
1785715343831,00:02:23,8.0,13.0,5.0,14.0,15,,183,8.0,2.69
1785715344835,00:02:24,8.0,13.0,5.0,14.0,15,,183,8.0,2.69
1785715347834,00:02:27,8.0,13.0,5.0,14.0,15,,184,8.0,2.70
1785715351835,00:02:31,8.0,13.0,5.0,14.0,15,,182,8.0,2.68
1785715355832,00:02:35,8.0,13.0,5.0,14.0,15,,184,8.0,2.70
1785715356834,00:02:36,8.0,13.0,5.0,14.0,15,,184,8.0,2.70
1785715359837,00:02:39,8.0,13.0,5.0,14.0,15,,183,8.0,2.69
1785715360832,00:02:40,8.0,13.0,5.0,14.0,15,,183,8.0,2.69
1785715363834,00:02:43,8.0,13.0,5.0,14.0,15,,183,8.0,2.69
1785715364835,00:02:44,8.0,13.0,5.0,14.0,15,,183,8.0,2.69
1785715367835,00:02:47,8.0,13.0,5.0,14.0,15,,183,8.0,2.69
1785715371837,00:02:51,8.0,13.0,5.0,14.0,15,,182,8.0,2.68
1785715372836,00:02:52,8.0,13.0,5.0,14.0,15,,182,8.0,2.68
1785715375834,00:02:55,8.0,13.0,5.0,14.0,15,,182,8.0,2.68
1785715376836,00:02:56,8.0,13.0,5.0,14.0,15,,182,8.0,2.68
1785715379842,00:02:59,8.0,13.0,5.0,14.0,15,,182,8.0,2.68
1785715383835,00:03:03,8.0,13.0,5.0,14.0,15,,181,8.0,2.66
1785715387837,00:03:07,8.0,13.0,5.0,14.0,15,,181,8.0,2.66
1785715388836,00:03:08,8.0,13.0,5.0,14.0,15,,181,8.0,2.66
1785715391838,00:03:11,8.0,13.0,5.0,14.0,15,,182,8.0,2.68
1785715392840,00:03:12,8.0,13.0,5.0,14.0,15,,182,8.0,2.68
1785715395835,00:03:15,8.0,13.0,5.0,14.0,15,,182,8.0,2.68
1785715399845,00:03:19,8.0,13.0,5.0,14.0,15,,182,8.0,2.68
1785715403840,00:03:23,8.0,13.0,5.0,14.0,15,,181,8.0,2.66
1785715404838,00:03:24,8.0,13.0,5.0,14.0,15,,181,8.0,2.66
1785715407838,00:03:27,8.0,13.0,5.0,14.0,15,,182,8.0,2.68
1785715408846,00:03:28,8.0,13.0,5.0,14.0,15,,182,8.0,2.68
1785715411839,00:03:31,8.0,13.0,5.0,14.0,15,,182,8.0,2.68
1785715412838,00:03:32,8.0,13.0,5.0,14.0,15,,182,8.0,2.68
1785715415841,00:03:35,10.0,17.0,7.0,19.0,15,,288,10.0,5.93
1785715416838,00:03:36,10.0,17.0,7.0,19.0,15,,288,10.0,5.93
1785715419842,00:03:39,9.0,15.0,6.0,16.0,15,,248,9.0,4.19
1785715420842,00:03:40,9.0,15.0,6.0,16.0,15,,248,9.0,4.19
1785715423841,00:03:43,8.0,14.0,6.0,16.0,15,,219,8.0,3.86
1785715424842,00:03:44,8.0,14.0,6.0,16.0,15,,219,8.0,3.86
1785715427844,00:03:47,9.0,15.0,6.0,16.0,15,,252,9.0,4.26
1785715428843,00:03:48,9.0,15.0,6.0,16.0,15,,252,9.0,4.26
1785715431841,00:03:51,10.0,15.0,5.0,15.0,15,,212,10.0,3.12
1785715432843,00:03:52,10.0,15.0,5.0,15.0,15,,212,10.0,3.12
1785715435842,00:03:55,10.0,15.0,5.0,15.0,15,,214,10.0,3.15
1785715436840,00:03:56,10.0,15.0,5.0,15.0,15,,214,10.0,3.15
1785715439844,00:03:59,10.0,15.0,5.0,15.0,15,,214,10.0,3.15
1785715440843,00:04:00,10.0,15.0,5.0,15.0,15,,214,10.0,3.15
1785715443844,00:04:03,10.0,15.0,5.0,15.0,15,,214,10.0,3.15
1785715444841,00:04:04,10.0,15.0,5.0,15.0,15,,214,10.0,3.15
1785715447842,00:04:07,10.0,15.0,5.0,15.0,15,,217,10.0,3.19
1785715448844,00:04:08,10.0,15.0,5.0,15.0,15,,217,10.0,3.19
1785715451842,00:04:11,10.0,15.0,5.0,15.0,15,,218,10.0,3.20
1785715452845,00:04:12,10.0,15.0,5.0,15.0,15,,218,10.0,3.20
1785715455844,00:04:15,10.0,15.0,5.0,15.0,15,,218,10.0,3.20
1785715456845,00:04:16,10.0,15.0,5.0,15.0,15,,218,10.0,3.20
1785715459844,00:04:19,10.0,15.0,5.0,15.0,15,,219,10.0,3.22
1785715463841,00:04:23,10.0,15.0,5.0,15.0,15,,219,10.0,3.22
1785715464847,00:04:24,10.0,15.0,5.0,15.0,15,,219,10.0,3.22
1785715467844,00:04:27,10.0,15.0,5.0,15.0,15,,217,10.0,3.19
1785715468842,00:04:28,10.0,15.0,5.0,15.0,15,,217,10.0,3.19
1785715471844,00:04:31,10.0,15.0,5.0,15.0,15,,218,10.0,3.20
1785715475847,00:04:35,10.0,15.0,5.0,15.0,15,,217,10.0,3.19
1785715479846,00:04:39,10.0,15.0,5.0,15.0,15,,220,10.0,3.23
1785715483847,00:04:43,10.0,15.0,5.0,15.0,15,,219,10.0,3.22
1785715484847,00:04:44,10.0,15.0,5.0,15.0,15,,219,10.0,3.22
1785715487844,00:04:47,10.0,15.0,5.0,15.0,15,,220,10.0,3.23
1785715488849,00:04:48,10.0,15.0,5.0,15.0,15,,220,10.0,3.23
1785715491845,00:04:51,9.0,14.0,5.0,15.0,15,,219,9.0,3.38
1785715495847,00:04:55,10.0,15.0,5.0,15.0,15,,219,10.0,3.22
1785715496844,00:04:56,10.0,15.0,5.0,15.0,15,,219,10.0,3.22
1785715499848,00:04:59,10.0,15.0,5.0,15.0,15,,221,10.0,3.25
1785715503846,00:05:03,10.0,15.0,5.0,15.0,15,,221,10.0,3.25
1785715507849,00:05:07,10.0,15.0,5.0,15.0,15,,220,10.0,3.23
1785715511852,00:05:11,10.0,15.0,5.0,15.0,15,,220,10.0,3.23
1785715512849,00:05:12,10.0,15.0,5.0,15.0,15,,220,10.0,3.23
1785715515850,00:05:15,10.0,15.0,5.0,15.0,15,,221,10.0,3.25
1785715516849,00:05:16,10.0,15.0,5.0,15.0,15,,221,10.0,3.25
1785715519849,00:05:19,10.0,15.0,5.0,15.0,15,,224,10.0,3.29
1785715520851,00:05:20,10.0,15.0,5.0,15.0,15,,224,10.0,3.29
1785715523853,00:05:23,9.0,14.0,5.0,15.0,15,,223,9.0,3.44
1785715527850,00:05:27,10.0,15.0,5.0,15.0,15,,222,10.0,3.26
1785715531852,00:05:31,10.0,15.0,5.0,15.0,15,,223,10.0,3.28
1785715532852,00:05:32,10.0,15.0,5.0,15.0,15,,223,10.0,3.28
1785715535853,00:05:35,10.0,15.0,5.0,15.0,15,,225,10.0,3.31
1785715536854,00:05:36,10.0,15.0,5.0,15.0,15,,225,10.0,3.31
1785715539852,00:05:39,9.0,14.0,5.0,15.0,15,,227,9.0,3.50
1785715543851,00:05:43,10.0,15.0,5.0,15.0,15,,227,10.0,3.34
1785715544852,00:05:44,10.0,15.0,5.0,15.0,15,,227,10.0,3.34
1785715547855,00:05:47,9.0,14.0,5.0,15.0,15,,230,9.0,3.55
1785715548854,00:05:48,9.0,14.0,5.0,15.0,15,,230,9.0,3.55
1785715551854,00:05:51,9.0,14.0,5.0,15.0,15,,251,9.0,3.87
1785715555857,00:05:55,9.0,14.0,5.0,15.0,15,,249,9.0,3.84
1785715556854,00:05:56,9.0,14.0,5.0,15.0,15,,249,9.0,3.84
1785715559856,00:05:59,9.0,14.0,5.0,15.0,15,,252,9.0,3.89
1785715563851,00:06:03,9.0,14.0,5.0,15.0,15,,251,9.0,3.87
1785715567855,00:06:07,9.0,14.0,5.0,15.0,15,,250,9.0,3.86
1785715568855,00:06:08,9.0,14.0,5.0,15.0,15,,250,9.0,3.86
1785715571857,00:06:11,9.0,14.0,5.0,15.0,15,,252,9.0,3.89
1785715575856,00:06:15,9.0,14.0,5.0,15.0,15,,252,9.0,3.89
1785715579859,00:06:19,9.0,14.0,5.0,15.0,15,,251,9.0,3.87
1785715583861,00:06:23,9.0,14.0,5.0,15.0,15,,252,9.0,3.89
1785715587859,00:06:27,9.0,14.0,5.0,14.0,15,,252,9.0,3.52
1785715588856,00:06:28,9.0,14.0,5.0,14.0,15,,252,9.0,3.52
1785715591858,00:06:31,9.0,14.0,5.0,15.0,15,,251,9.0,3.87
1785715595859,00:06:35,9.0,14.0,5.0,15.0,15,,250,9.0,3.86
1785715596856,00:06:36,9.0,14.0,5.0,15.0,15,,250,9.0,3.86
1785715599859,00:06:39,9.0,14.0,5.0,14.0,15,,249,9.0,3.48
1785715600858,00:06:40,9.0,14.0,5.0,14.0,15,,249,9.0,3.48
1785715603856,00:06:43,9.0,14.0,5.0,15.0,15,,251,9.0,3.87
1785715607858,00:06:47,9.0,14.0,5.0,15.0,15,,250,9.0,3.86
1785715611858,00:06:51,9.0,14.0,5.0,14.0,15,,251,9.0,3.51
1785715615860,00:06:55,9.0,14.0,5.0,14.0,15,,250,9.0,3.49
1785715619860,00:06:59,9.0,14.0,5.0,15.0,15,,251,9.0,3.87
1785715623862,00:07:03,9.0,14.0,5.0,15.0,15,,249,9.0,3.84
1785715627861,00:07:07,9.0,14.0,5.0,15.0,15,,250,9.0,3.86
1785715631873,00:07:11,9.0,14.0,5.0,15.0,15,,248,9.0,3.83
1785715635861,00:07:15,9.0,14.0,5.0,15.0,15,,250,9.0,3.86
1785715639862,00:07:19,9.0,14.0,5.0,15.0,15,,249,9.0,3.84
1785715643864,00:07:23,9.0,14.0,5.0,15.0,15,,246,9.0,3.80
1785715647863,00:07:27,9.0,14.0,5.0,15.0,15,,248,9.0,3.83
1785715651863,00:07:31,9.0,14.0,5.0,14.0,15,,248,9.0,3.46
1785715655863,00:07:35,9.0,14.0,5.0,15.0,15,,252,9.0,3.89
1785715659863,00:07:39,9.0,14.0,5.0,15.0,15,,249,9.0,3.84
1785715663865,00:07:43,9.0,14.0,5.0,15.0,15,,249,9.0,3.84
1785715667866,00:07:47,9.0,14.0,5.0,15.0,15,,248,9.0,3.83
1785715671866,00:07:51,9.0,14.0,5.0,15.0,15,,247,9.0,3.81
1785715675866,00:07:55,9.0,14.0,5.0,15.0,15,,247,9.0,3.81
1785715676864,00:07:56,9.0,14.0,5.0,15.0,15,,247,9.0,3.81
1785715679866,00:07:59,9.0,14.0,5.0,15.0,15,,250,9.0,3.86
1785715683864,00:08:03,9.0,14.0,5.0,15.0,15,,250,9.0,3.86
1785715687865,00:08:07,9.0,14.0,5.0,15.0,15,,250,9.0,3.86
1785715691866,00:08:11,9.0,14.0,5.0,15.0,15,,247,9.0,3.81
1785715692866,00:08:12,9.0,14.0,5.0,15.0,15,,247,9.0,3.81
1785715695869,00:08:15,9.0,14.0,5.0,15.0,15,,245,9.0,3.78
1785715699869,00:08:19,9.0,14.0,5.0,15.0,15,,244,9.0,3.77
1785715703869,00:08:23,9.0,14.0,5.0,15.0,15,,247,9.0,3.81
1785715707870,00:08:27,9.0,14.0,5.0,15.0,15,,245,9.0,3.78
1785715711868,00:08:31,9.0,14.0,5.0,15.0,15,,244,9.0,3.77
1785715715872,00:08:35,9.0,14.0,5.0,15.0,15,,245,9.0,3.78
1785715719871,00:08:39,9.0,14.0,5.0,15.0,15,,245,9.0,3.78
1785715723870,00:08:43,9.0,14.0,5.0,15.0,15,,245,9.0,3.78
1785715727876,00:08:47,9.0,14.0,5.0,15.0,15,,248,9.0,3.83
1785715731873,00:08:51,9.0,14.0,5.0,15.0,15,,244,9.0,3.77
1785715735870,00:08:55,9.0,14.0,5.0,15.0,15,,247,9.0,3.81
1785715739872,00:08:59,9.0,14.0,5.0,15.0,15,,244,9.0,3.77
1785715743872,00:09:03,9.0,14.0,5.0,15.0,15,,245,9.0,3.78
1785715747870,00:09:07,9.0,14.0,5.0,15.0,15,,246,9.0,3.80
1785715751873,00:09:11,9.0,14.0,5.0,15.0,15,,248,9.0,3.83
1785715755875,00:09:15,9.0,14.0,5.0,15.0,15,,243,9.0,3.75
1785715759871,00:09:19,9.0,14.0,5.0,15.0,15,,245,9.0,3.78
1785715763872,00:09:23,9.0,14.0,5.0,15.0,15,,247,9.0,3.81
1785715767877,00:09:27,9.0,14.0,5.0,15.0,15,,248,9.0,3.83
1785715771872,00:09:31,9.0,14.0,5.0,15.0,15,,245,9.0,3.78
1785715775875,00:09:35,9.0,14.0,5.0,15.0,15,,244,9.0,3.77
1785715779874,00:09:39,9.0,14.0,5.0,15.0,15,,243,9.0,3.75
1785715783876,00:09:43,9.0,14.0,5.0,15.0,15,,243,9.0,3.75
1785715784877,00:09:44,9.0,14.0,5.0,15.0,15,,243,9.0,3.75
1785715787875,00:09:47,9.0,14.0,5.0,15.0,15,,244,9.0,3.77
1785715791878,00:09:51,9.0,14.0,5.0,15.0,15,,245,9.0,3.78
1785715795877,00:09:55,9.0,14.0,5.0,15.0,15,,244,9.0,3.77
1785715799876,00:09:59,9.0,14.0,5.0,15.0,15,,245,9.0,3.78
1785715803879,00:10:03,9.0,14.0,5.0,15.0,15,,242,9.0,3.74
1785715807880,00:10:07,9.0,14.0,5.0,15.0,15,,243,9.0,3.75
1785715811880,00:10:11,9.0,14.0,5.0,15.0,15,,245,9.0,3.78
1785715815881,00:10:15,9.0,14.0,5.0,15.0,15,,245,9.0,3.78
1785715819884,00:10:19,9.0,14.0,5.0,15.0,15,,245,9.0,3.78
1785715823880,00:10:23,9.0,14.0,5.0,15.0,15,,246,9.0,3.80
1785715827881,00:10:27,9.0,14.0,5.0,15.0,15,,243,9.0,3.75
1785715831879,00:10:31,9.0,14.0,5.0,15.0,15,,245,9.0,3.78
1785715835891,00:10:35,9.0,14.0,5.0,15.0,15,,241,9.0,3.72
1785715839896,00:10:39,9.0,14.0,5.0,15.0,15,,244,9.0,3.77
1785715843892,00:10:43,9.0,14.0,5.0,15.0,15,,243,9.0,3.75
1785715847889,00:10:47,9.0,14.0,5.0,15.0,15,,245,9.0,3.78
1785715851883,00:10:51,9.0,14.0,5.0,15.0,15,,243,9.0,3.75
1785715855892,00:10:55,9.0,14.0,5.0,15.0,15,,241,9.0,3.72
1785715859889,00:10:59,9.0,14.0,5.0,15.0,15,,244,9.0,3.77
1785715863894,00:11:03,9.0,14.0,5.0,15.0,15,,245,9.0,3.78
1785715867884,00:11:07,9.0,14.0,5.0,15.0,15,,243,9.0,3.75
1785715868884,00:11:08,9.0,14.0,5.0,15.0,15,,243,9.0,3.75
1785715871884,00:11:11,9.0,14.0,5.0,15.0,15,,238,9.0,3.67
1785715872886,00:11:12,9.0,14.0,5.0,15.0,15,,238,9.0,3.67
1785715875884,00:11:15,9.0,14.0,5.0,15.0,15,,241,9.0,3.72
1785715876882,00:11:16,9.0,14.0,5.0,15.0,15,,241,9.0,3.72
1785715879893,00:11:19,9.0,14.0,5.0,15.0,15,,245,9.0,3.78
1785715880887,00:11:20,9.0,14.0,5.0,15.0,15,,245,9.0,3.78
1785715883894,00:11:23,9.0,14.0,5.0,15.0,15,,241,9.0,3.72
1785715884885,00:11:24,9.0,14.0,5.0,15.0,15,,241,9.0,3.72
1785715887896,00:11:27,9.0,14.0,5.0,15.0,15,,245,9.0,3.78
1785715888885,00:11:28,9.0,14.0,5.0,15.0,15,,245,9.0,3.78
1785715891897,00:11:31,9.0,14.0,5.0,15.0,15,,244,9.0,3.77
1785715895893,00:11:35,9.0,14.0,5.0,15.0,15,,243,9.0,3.75
1785715899897,00:11:39,9.0,14.0,5.0,15.0,15,,238,9.0,3.67
1785715903905,00:11:43,9.0,14.0,5.0,15.0,15,,241,9.0,3.72
1785715907896,00:11:47,9.0,14.0,5.0,15.0,15,,243,9.0,3.75
1785715911896,00:11:51,9.0,14.0,5.0,15.0,15,,245,9.0,3.78
1785715915899,00:11:55,9.0,14.0,5.0,15.0,15,,243,9.0,3.75
1785715919890,00:11:59,9.0,14.0,5.0,15.0,15,,243,9.0,3.75
1785715920891,00:12:00,9.0,14.0,5.0,15.0,15,,243,9.0,3.75
1785715923899,00:12:03,9.0,14.0,5.0,15.0,15,,242,9.0,3.74
1785715927890,00:12:07,9.0,14.0,5.0,15.0,15,,243,9.0,3.75
1785715931902,00:12:11,9.0,14.0,5.0,15.0,15,,242,9.0,3.74
1785715935889,00:12:15,9.0,14.0,5.0,15.0,15,,244,9.0,3.77
1785715939890,00:12:19,9.0,14.0,5.0,15.0,15,,242,9.0,3.74
1785715943901,00:12:23,9.0,14.0,5.0,15.0,15,,240,9.0,3.70
1785715947893,00:12:27,9.0,14.0,5.0,15.0,15,,242,9.0,3.74
1785715951893,00:12:31,9.0,14.0,5.0,15.0,15,,241,9.0,3.72
1785715955895,00:12:35,9.0,14.0,5.0,15.0,15,,241,9.0,3.72
1785715959894,00:12:39,9.0,14.0,5.0,15.0,15,,238,9.0,3.67
1785715963893,00:12:43,9.0,14.0,5.0,15.0,15,,241,9.0,3.72
1785715967892,00:12:47,9.0,14.0,5.0,15.0,15,,241,9.0,3.72
1785715968895,00:12:48,9.0,14.0,5.0,15.0,15,,241,9.0,3.72
1785715971893,00:12:51,9.0,14.0,5.0,15.0,15,,241,9.0,3.72
1785715975891,00:12:55,9.0,14.0,5.0,15.0,15,,240,9.0,3.70
1785715979893,00:12:59,9.0,14.0,5.0,15.0,15,,237,9.0,3.66
1785715983896,00:13:03,9.0,14.0,5.0,15.0,15,,240,9.0,3.70
1785715987895,00:13:07,9.0,14.0,5.0,15.0,15,,241,9.0,3.72
1785715988895,00:13:08,9.0,14.0,5.0,15.0,15,,241,9.0,3.72
1785715991896,00:13:11,9.0,14.0,5.0,15.0,15,,242,9.0,3.74
1785715995900,00:13:15,9.0,14.0,5.0,15.0,15,,239,9.0,3.69
1785715996896,00:13:16,9.0,14.0,5.0,15.0,15,,239,9.0,3.69
1785715999904,00:13:19,9.0,14.0,5.0,15.0,15,,241,9.0,3.72
1785716000897,00:13:20,9.0,14.0,5.0,15.0,15,,241,9.0,3.72
1785716003902,00:13:23,9.0,14.0,5.0,15.0,15,,242,9.0,3.74
1785716007902,00:13:27,9.0,14.0,5.0,15.0,15,,241,9.0,3.72
1785716008899,00:13:28,9.0,14.0,5.0,15.0,15,,241,9.0,3.72
1785716011900,00:13:31,9.0,14.0,5.0,15.0,15,,246,9.0,3.80
1785716012898,00:13:32,9.0,14.0,5.0,15.0,15,,246,9.0,3.80
1785716015899,00:13:35,9.0,14.0,5.0,15.0,15,,246,9.0,3.80
1785716016900,00:13:36,9.0,14.0,5.0,15.0,15,,246,9.0,3.80
1785716019898,00:13:39,9.0,14.0,5.0,15.0,15,,245,9.0,3.78
1785716020898,00:13:40,9.0,14.0,5.0,15.0,15,,245,9.0,3.78
1785716023899,00:13:43,9.0,14.0,5.0,15.0,15,,246,9.0,3.80
1785716024899,00:13:44,9.0,14.0,5.0,15.0,15,,246,9.0,3.80
1785716027902,00:13:47,9.0,14.0,5.0,15.0,15,,245,9.0,3.78
1785716028899,00:13:48,9.0,14.0,5.0,15.0,15,,245,9.0,3.78
1785716031897,00:13:51,9.0,14.0,5.0,15.0,15,,245,9.0,3.78
1785716035899,00:13:55,9.0,14.0,5.0,15.0,15,,245,9.0,3.78
1785716039897,00:13:59,9.0,14.0,5.0,15.0,15,,245,9.0,3.78
1785716043902,00:14:03,9.0,14.0,5.0,15.0,15,,245,9.0,3.78
1785716047905,00:14:07,9.0,14.0,5.0,15.0,15,,244,9.0,3.77
1785716048898,00:14:08,9.0,14.0,5.0,15.0,15,,244,9.0,3.77
1785716051908,00:14:11,9.0,14.0,5.0,15.0,15,,244,9.0,3.77
1785716055911,00:14:15,9.0,14.0,5.0,15.0,15,,244,9.0,3.77
1785716059914,00:14:19,9.0,14.0,5.0,15.0,15,,244,9.0,3.77
1785716063906,00:14:23,9.0,14.0,5.0,15.0,15,,245,9.0,3.78
1785716067903,00:14:27,9.0,14.0,5.0,15.0,15,,244,9.0,3.77
1785716071904,00:14:31,9.0,14.0,5.0,15.0,15,,243,9.0,3.75
1785716075903,00:14:35,9.0,14.0,5.0,15.0,15,,244,9.0,3.77
1785716079905,00:14:39,9.0,14.0,5.0,15.0,15,,244,9.0,3.77
1785716083906,00:14:43,9.0,14.0,5.0,15.0,15,,243,9.0,3.75
1785716084907,00:14:44,9.0,14.0,5.0,15.0,15,,243,9.0,3.75
1785716087907,00:14:47,9.0,14.0,5.0,15.0,15,,243,9.0,3.75
1785716091908,00:14:51,9.0,14.0,5.0,15.0,15,,243,9.0,3.75
1785716095905,00:14:55,9.0,14.0,5.0,15.0,15,,244,9.0,3.77
1785716099906,00:14:59,9.0,14.0,5.0,15.0,15,,244,9.0,3.77
1785716103908,00:15:03,9.0,14.0,5.0,15.0,15,,244,9.0,3.77
1785716107908,00:15:07,9.0,14.0,5.0,15.0,15,,243,9.0,3.75
1785716108908,00:15:08,9.0,14.0,5.0,15.0,15,,243,9.0,3.75
1785716111909,00:15:11,9.0,14.0,5.0,15.0,15,,243,9.0,3.75
1785716115906,00:15:15,9.0,14.0,5.0,15.0,15,,244,9.0,3.77
1785716119908,00:15:19,9.0,14.0,5.0,15.0,15,,244,9.0,3.77
1785716120914,00:15:20,9.0,14.0,5.0,15.0,15,,244,9.0,3.77
1785716123908,00:15:23,9.0,14.0,5.0,15.0,15,,244,9.0,3.77
1785716127908,00:15:27,9.0,14.0,5.0,15.0,15,,244,9.0,3.77
1785716128911,00:15:28,9.0,14.0,5.0,15.0,15,,244,9.0,3.77
1785716131910,00:15:31,9.0,14.0,5.0,15.0,15,,246,9.0,3.80
1785716132908,00:15:32,9.0,14.0,5.0,15.0,15,,246,9.0,3.80
1785716135913,00:15:35,9.0,14.0,5.0,15.0,15,,245,9.0,3.78
1785716136912,00:15:36,9.0,14.0,5.0,15.0,15,,245,9.0,3.78
1785716139912,00:15:39,9.0,14.0,5.0,15.0,15,,244,9.0,3.77
1785716143911,00:15:43,9.0,14.0,5.0,15.0,15,,243,9.0,3.75
1785716147911,00:15:47,9.0,14.0,5.0,15.0,15,,244,9.0,3.77
1785716151913,00:15:51,9.0,14.0,5.0,15.0,15,,243,9.0,3.75
1785716152912,00:15:52,9.0,14.0,5.0,15.0,15,,243,9.0,3.75
1785716155913,00:15:55,9.0,14.0,5.0,15.0,15,,243,9.0,3.75
1785716156907,00:15:56,9.0,14.0,5.0,15.0,15,,243,9.0,3.75
1785716159914,00:15:59,9.0,14.0,5.0,15.0,15,,244,9.0,3.77
1785716163915,00:16:03,9.0,14.0,5.0,15.0,15,,243,9.0,3.75
1785716167916,00:16:07,9.0,14.0,5.0,15.0,15,,244,9.0,3.77
1785716171915,00:16:11,9.0,14.0,5.0,15.0,15,,244,9.0,3.77
1785716175917,00:16:15,9.0,14.0,5.0,15.0,15,,245,9.0,3.78
1785716176914,00:16:16,9.0,14.0,5.0,15.0,15,,245,9.0,3.78
1785716179915,00:16:19,9.0,14.0,5.0,15.0,15,,243,9.0,3.75
1785716183914,00:16:23,9.0,14.0,5.0,15.0,15,,242,9.0,3.74
1785716184916,00:16:24,9.0,14.0,5.0,15.0,15,,242,9.0,3.74
1785716187916,00:16:27,9.0,14.0,5.0,15.0,15,,242,9.0,3.74
1785716191915,00:16:31,9.0,14.0,5.0,15.0,15,,243,9.0,3.75
1785716195919,00:16:35,9.0,14.0,5.0,15.0,15,,243,9.0,3.75
1785716199918,00:16:39,9.0,14.0,5.0,15.0,15,,243,9.0,3.75
1785716203918,00:16:43,9.0,14.0,5.0,15.0,15,,244,9.0,3.77
1785716207917,00:16:47,9.0,14.0,5.0,15.0,15,,244,9.0,3.77
1785716211912,00:16:51,9.0,14.0,5.0,15.0,15,,243,9.0,3.75
1785716212920,00:16:52,9.0,14.0,5.0,15.0,15,,243,9.0,3.75
1785716215920,00:16:55,9.0,14.0,5.0,15.0,15,,243,9.0,3.75
1785716219918,00:16:59,9.0,14.0,5.0,15.0,15,,243,9.0,3.75
1785716223920,00:17:03,9.0,14.0,5.0,15.0,15,,241,9.0,3.72
1785716227921,00:17:07,9.0,14.0,5.0,15.0,15,,243,9.0,3.75
1785716231919,00:17:11,9.0,14.0,5.0,15.0,15,,244,9.0,3.77
1785716235922,00:17:15,9.0,14.0,5.0,15.0,15,,242,9.0,3.74
1785716236919,00:17:16,9.0,14.0,5.0,15.0,15,,242,9.0,3.74
1785716239921,00:17:19,9.0,14.0,5.0,15.0,15,,242,9.0,3.74
1785716243924,00:17:23,9.0,14.0,5.0,15.0,15,,241,9.0,3.72
1785716247921,00:17:27,9.0,14.0,5.0,15.0,15,,243,9.0,3.75
1785716248918,00:17:28,9.0,14.0,5.0,15.0,15,,243,9.0,3.75
1785716251922,00:17:31,9.0,14.0,5.0,15.0,15,,243,9.0,3.75
1785716255923,00:17:35,9.0,14.0,5.0,15.0,15,,243,9.0,3.75
1785716256921,00:17:36,9.0,14.0,5.0,15.0,15,,243,9.0,3.75
1785716259923,00:17:39,9.0,14.0,5.0,15.0,15,,241,9.0,3.72
1785716260924,00:17:40,9.0,14.0,5.0,15.0,15,,241,9.0,3.72
1785716263923,00:17:43,9.0,14.0,5.0,15.0,15,,242,9.0,3.74
1785716267925,00:17:47,9.0,14.0,5.0,15.0,15,,242,9.0,3.74
1785716271926,00:17:51,9.0,14.0,5.0,15.0,15,,244,9.0,3.77
1785716272924,00:17:52,9.0,14.0,5.0,15.0,15,,244,9.0,3.77
1785716275922,00:17:55,9.0,14.0,5.0,15.0,15,,241,9.0,3.72
1785716276921,00:17:56,9.0,14.0,5.0,15.0,15,,241,9.0,3.72
1785716279926,00:17:59,9.0,14.0,5.0,15.0,15,,241,9.0,3.72
1785716283929,00:18:03,9.0,14.0,5.0,15.0,15,,243,9.0,3.75
1785716284926,00:18:04,9.0,14.0,5.0,15.0,15,,243,9.0,3.75
1785716287923,00:18:07,9.0,14.0,5.0,15.0,15,,242,9.0,3.74
1785716291925,00:18:11,9.0,14.0,5.0,15.0,15,,243,9.0,3.75
1785716292919,00:18:12,9.0,14.0,5.0,15.0,15,,243,9.0,3.75
1785716295925,00:18:15,9.0,14.0,5.0,15.0,15,,241,9.0,3.72
1785716299927,00:18:19,9.0,14.0,5.0,15.0,15,,241,9.0,3.72
1785716303928,00:18:23,9.0,14.0,5.0,15.0,15,,240,9.0,3.70
1785716307929,00:18:27,9.0,14.0,5.0,15.0,15,,242,9.0,3.74
1785716311930,00:18:31,9.0,14.0,5.0,15.0,15,,241,9.0,3.72
1785716312925,00:18:32,9.0,14.0,5.0,15.0,15,,241,9.0,3.72
1785716315926,00:18:35,9.0,14.0,5.0,15.0,15,,241,9.0,3.72
1785716319930,00:18:39,9.0,14.0,5.0,15.0,15,,241,9.0,3.72
1785716320925,00:18:40,9.0,14.0,5.0,15.0,15,,241,9.0,3.72
1785716323928,00:18:43,9.0,14.0,5.0,15.0,15,,242,9.0,3.74
1785716327928,00:18:47,9.0,14.0,5.0,15.0,15,,240,9.0,3.70
1785716328927,00:18:48,9.0,14.0,5.0,15.0,15,,240,9.0,3.70
1785716331930,00:18:51,9.0,14.0,5.0,15.0,15,,242,9.0,3.74
1785716332930,00:18:52,9.0,14.0,5.0,15.0,15,,242,9.0,3.74
1785716335932,00:18:55,9.0,14.0,5.0,15.0,15,,242,9.0,3.74
1785716336931,00:18:56,9.0,14.0,5.0,15.0,15,,242,9.0,3.74
1785716339929,00:18:59,9.0,14.0,5.0,15.0,15,,241,9.0,3.72
1785716340932,00:19:00,9.0,14.0,5.0,15.0,15,,241,9.0,3.72
1785716343930,00:19:03,9.0,14.0,5.0,15.0,15,,241,9.0,3.72
1785716347931,00:19:07,9.0,14.0,5.0,15.0,15,,242,9.0,3.74
1785716351930,00:19:11,9.0,14.0,5.0,15.0,15,,241,9.0,3.72
1785716355933,00:19:15,9.0,14.0,5.0,15.0,15,,241,9.0,3.72
1785716356931,00:19:16,9.0,14.0,5.0,15.0,15,,241,9.0,3.72
1785716359934,00:19:19,9.0,14.0,5.0,15.0,15,,240,9.0,3.70
1785716363931,00:19:23,9.0,14.0,5.0,15.0,15,,241,9.0,3.72
1785716367935,00:19:27,9.0,14.0,5.0,15.0,15,,241,9.0,3.72
1785716368931,00:19:28,9.0,14.0,5.0,15.0,15,,241,9.0,3.72
1785716371933,00:19:31,9.0,14.0,5.0,15.0,15,,241,9.0,3.72
1785716372934,00:19:32,9.0,14.0,5.0,15.0,15,,241,9.0,3.72
1785716375934,00:19:35,9.0,14.0,5.0,15.0,15,,240,9.0,3.70
1785716379933,00:19:39,9.0,14.0,5.0,15.0,15,,241,9.0,3.72
1785716383935,00:19:43,9.0,14.0,5.0,15.0,15,,242,9.0,3.74
1785716384935,00:19:44,9.0,14.0,5.0,15.0,15,,242,9.0,3.74
1785716387935,00:19:47,9.0,14.0,5.0,15.0,15,,241,9.0,3.72
1785716388934,00:19:48,9.0,14.0,5.0,15.0,15,,241,9.0,3.72
1785716391935,00:19:51,9.0,14.0,5.0,15.0,15,,239,9.0,3.69
1785716395933,00:19:55,9.0,14.0,5.0,15.0,15,,239,9.0,3.69
1785716399936,00:19:59,9.0,14.0,5.0,15.0,15,,238,9.0,3.67
1785716403934,00:20:03,9.0,14.0,5.0,15.0,15,,240,9.0,3.70
1785716407937,00:20:07,9.0,14.0,5.0,15.0,15,,241,9.0,3.72
1785716408939,00:20:08,9.0,14.0,5.0,15.0,15,,241,9.0,3.72
1785716411939,00:20:11,9.0,14.0,5.0,15.0,15,,240,9.0,3.70
1785716415937,00:20:15,9.0,14.0,5.0,15.0,15,,240,9.0,3.70
1785716416938,00:20:16,9.0,14.0,5.0,15.0,15,,240,9.0,3.70
1785716419936,00:20:19,9.0,14.0,5.0,15.0,15,,241,9.0,3.72
1785716420940,00:20:20,9.0,14.0,5.0,15.0,15,,241,9.0,3.72
1785716423940,00:20:23,9.0,14.0,5.0,15.0,15,,241,9.0,3.72
1785716427951,00:20:27,9.0,14.0,5.0,15.0,15,,240,9.0,3.70
1785716428940,00:20:28,9.0,14.0,5.0,15.0,15,,240,9.0,3.70
1785716431938,00:20:31,9.0,14.0,5.0,15.0,15,,240,9.0,3.70
1785716435951,00:20:35,9.0,14.0,5.0,15.0,15,,239,9.0,3.69
1785716439941,00:20:39,9.0,14.0,5.0,15.0,15,,239,9.0,3.69
1785716440938,00:20:40,9.0,14.0,5.0,15.0,15,,239,9.0,3.69
1785716443938,00:20:43,9.0,14.0,5.0,15.0,15,,239,9.0,3.69
1785716447949,00:20:47,9.0,14.0,5.0,15.0,15,,240,9.0,3.70
1785716451940,00:20:51,9.0,14.0,5.0,15.0,15,,239,9.0,3.69
1785716452938,00:20:52,9.0,14.0,5.0,15.0,15,,239,9.0,3.69
1785716455953,00:20:55,9.0,14.0,5.0,15.0,15,,239,9.0,3.69
1785716459942,00:20:59,9.0,14.0,5.0,15.0,15,,239,9.0,3.69
1785716463949,00:21:03,9.0,14.0,5.0,15.0,15,,241,9.0,3.72
1785716467959,00:21:07,9.0,14.0,5.0,15.0,15,,239,9.0,3.69
1785716471962,00:21:11,9.0,14.0,5.0,15.0,15,,240,9.0,3.70
1785716475955,00:21:15,9.0,14.0,5.0,15.0,15,,239,9.0,3.69
1785716479944,00:21:19,9.0,14.0,5.0,15.0,15,,239,9.0,3.69
1785716483943,00:21:23,9.0,14.0,5.0,15.0,15,,238,9.0,3.67
1785716484945,00:21:24,9.0,14.0,5.0,15.0,15,,238,9.0,3.67
1785716487949,00:21:27,9.0,14.0,5.0,15.0,15,,239,9.0,3.69
1785716488945,00:21:28,9.0,14.0,5.0,15.0,15,,239,9.0,3.69
1785716491955,00:21:31,9.0,14.0,5.0,15.0,15,,239,9.0,3.69
1785716495955,00:21:35,9.0,14.0,5.0,15.0,15,,240,9.0,3.70
1785716496944,00:21:36,9.0,14.0,5.0,15.0,15,,240,9.0,3.70
1785716499946,00:21:39,9.0,14.0,5.0,15.0,15,,239,9.0,3.69
1785716503946,00:21:43,9.0,14.0,5.0,15.0,15,,239,9.0,3.69
1785716507949,00:21:47,9.0,14.0,5.0,15.0,15,,240,9.0,3.70
1785716511955,00:21:51,9.0,14.0,5.0,15.0,15,,239,9.0,3.69
1785716515959,00:21:55,9.0,14.0,5.0,15.0,15,,239,9.0,3.69
1785716516947,00:21:56,9.0,14.0,5.0,15.0,15,,239,9.0,3.69
1785716519948,00:21:59,9.0,14.0,5.0,15.0,15,,239,9.0,3.69
1785716523948,00:22:03,9.0,14.0,5.0,15.0,15,,239,9.0,3.69
1785716524950,00:22:04,9.0,14.0,5.0,15.0,15,,239,9.0,3.69
1785716527960,00:22:07,9.0,14.0,5.0,15.0,15,,239,9.0,3.69
1785716531948,00:22:11,9.0,14.0,5.0,15.0,15,,240,9.0,3.70
1785716535953,00:22:15,9.0,14.0,5.0,15.0,15,,238,9.0,3.67
1785716539953,00:22:19,9.0,14.0,5.0,15.0,15,,240,9.0,3.70
1785716543952,00:22:23,9.0,14.0,5.0,15.0,15,,238,9.0,3.67
1785716547962,00:22:27,9.0,14.0,5.0,15.0,15,,239,9.0,3.69
1785716551956,00:22:31,9.0,14.0,5.0,15.0,15,,240,9.0,3.70
1785716555961,00:22:35,9.0,14.0,5.0,15.0,15,,239,9.0,3.69
1785716559960,00:22:39,9.0,14.0,5.0,15.0,15,,239,9.0,3.69
1785716560956,00:22:40,9.0,14.0,5.0,15.0,15,,239,9.0,3.69
1785716563953,00:22:43,9.0,14.0,5.0,15.0,15,,238,9.0,3.67
1785716567951,00:22:47,9.0,14.0,5.0,15.0,15,,238,9.0,3.67
1785716568955,00:22:48,9.0,14.0,5.0,15.0,15,,238,9.0,3.67
1785716571964,00:22:51,9.0,14.0,5.0,15.0,15,,238,9.0,3.67
1785716575958,00:22:55,9.0,14.0,5.0,15.0,15,,240,9.0,3.70
1785716579950,00:22:59,9.0,14.0,5.0,15.0,15,,238,9.0,3.67
1785716580956,00:23:00,9.0,14.0,5.0,15.0,15,,238,9.0,3.67
1785716583967,00:23:03,9.0,14.0,5.0,15.0,15,,238,9.0,3.67
1785716587978,00:23:07,9.0,14.0,5.0,15.0,15,,238,9.0,3.67
1785716591966,00:23:11,9.0,14.0,5.0,15.0,15,,239,9.0,3.69
1785716592957,00:23:12,9.0,14.0,5.0,15.0,15,,239,9.0,3.69
1785716595972,00:23:15,9.0,14.0,5.0,15.0,15,,239,9.0,3.69
1785716596960,00:23:16,9.0,14.0,5.0,15.0,15,,239,9.0,3.69
1785716599960,00:23:19,9.0,14.0,5.0,15.0,15,,239,9.0,3.69
1785716600959,00:23:20,9.0,14.0,5.0,15.0,15,,239,9.0,3.69
1785716603960,00:23:23,9.0,14.0,5.0,15.0,15,,238,9.0,3.67
1785716607964,00:23:27,9.0,14.0,5.0,15.0,15,,237,9.0,3.66
1785716611963,00:23:31,9.0,14.0,5.0,15.0,15,,238,9.0,3.67
1785716615960,00:23:35,9.0,14.0,5.0,15.0,15,,239,9.0,3.69
1785716619960,00:23:39,9.0,14.0,5.0,15.0,15,,239,9.0,3.69
1785716623960,00:23:43,9.0,14.0,5.0,15.0,15,,239,9.0,3.69
1785716624961,00:23:44,9.0,14.0,5.0,15.0,15,,239,9.0,3.69
1785716627960,00:23:47,9.0,14.0,5.0,15.0,15,,236,9.0,3.64
1785716631962,00:23:51,9.0,14.0,5.0,15.0,15,,237,9.0,3.66
1785716635965,00:23:55,9.0,14.0,5.0,15.0,15,,238,9.0,3.67
1785716639963,00:23:59,9.0,14.0,5.0,15.0,15,,239,9.0,3.69
1785716640964,00:24:00,9.0,14.0,5.0,15.0,15,,239,9.0,3.69
1785716643963,00:24:03,9.0,14.0,5.0,15.0,15,,238,9.0,3.67
1785716644963,00:24:04,9.0,14.0,5.0,15.0,15,,238,9.0,3.67
1785716647966,00:24:07,9.0,14.0,5.0,15.0,15,,239,9.0,3.69
1785716651964,00:24:11,9.0,14.0,5.0,15.0,15,,239,9.0,3.69
1785716655962,00:24:15,9.0,14.0,5.0,15.0,15,,239,9.0,3.69
1785716659966,00:24:19,9.0,14.0,5.0,15.0,15,,238,9.0,3.67
1785716663966,00:24:23,9.0,14.0,5.0,15.0,15,,238,9.0,3.67
1785716667970,00:24:27,9.0,14.0,5.0,15.0,15,,237,9.0,3.66
1785716671965,00:24:31,9.0,14.0,5.0,15.0,15,,238,9.0,3.67
1785716675964,00:24:35,9.0,14.0,5.0,15.0,15,,238,9.0,3.67
1785716679968,00:24:39,9.0,14.0,5.0,15.0,15,,238,9.0,3.67
1785716683968,00:24:43,9.0,14.0,5.0,15.0,15,,238,9.0,3.67
1785716687970,00:24:47,9.0,14.0,5.0,15.0,15,,238,9.0,3.67
1785716691967,00:24:51,9.0,14.0,5.0,15.0,15,,238,9.0,3.67
1785716695971,00:24:55,9.0,14.0,5.0,15.0,15,,237,9.0,3.66
1785716696968,00:24:56,9.0,14.0,5.0,15.0,15,,237,9.0,3.66
1785716699970,00:24:59,9.0,14.0,5.0,15.0,15,,237,9.0,3.66
1785716703970,00:25:03,9.0,14.0,5.0,15.0,15,,237,9.0,3.66
1785716704969,00:25:04,9.0,14.0,5.0,15.0,15,,237,9.0,3.66
1785716707972,00:25:07,9.0,14.0,5.0,15.0,15,,237,9.0,3.66
1785716711971,00:25:11,9.0,14.0,5.0,15.0,15,,238,9.0,3.67
1785716712970,00:25:12,9.0,14.0,5.0,15.0,15,,238,9.0,3.67
1785716715970,00:25:15,9.0,14.0,5.0,15.0,15,,239,9.0,3.69
1785716716971,00:25:16,9.0,14.0,5.0,15.0,15,,239,9.0,3.69
1785716719973,00:25:19,9.0,14.0,5.0,15.0,15,,237,9.0,3.66
1785716723974,00:25:23,9.0,14.0,5.0,15.0,15,,237,9.0,3.66
1785716724972,00:25:24,9.0,14.0,5.0,15.0,15,,237,9.0,3.66
1785716727970,00:25:27,9.0,14.0,5.0,15.0,15,,238,9.0,3.67
1785716728970,00:25:28,9.0,14.0,5.0,15.0,15,,238,9.0,3.67
1785716731970,00:25:31,9.0,14.0,5.0,15.0,15,,238,9.0,3.67
1785716735974,00:25:35,9.0,14.0,5.0,15.0,15,,239,9.0,3.69
1785716739974,00:25:39,9.0,14.0,5.0,15.0,15,,237,9.0,3.66
1785716743973,00:25:43,9.0,14.0,5.0,15.0,15,,238,9.0,3.67
1785716744974,00:25:44,9.0,14.0,5.0,15.0,15,,238,9.0,3.67
1785716747974,00:25:47,9.0,14.0,5.0,15.0,15,,238,9.0,3.67
1785716751967,00:25:51,9.0,14.0,5.0,15.0,15,,238,9.0,3.67
1785716752982,00:25:52,9.0,14.0,5.0,15.0,15,,238,9.0,3.67
1785716755974,00:25:55,9.0,14.0,5.0,15.0,15,,238,9.0,3.67
1785716759978,00:25:59,9.0,14.0,5.0,15.0,15,,239,9.0,3.69
1785716763978,00:26:03,9.0,14.0,5.0,15.0,15,,238,9.0,3.67
1785716767974,00:26:07,9.0,14.0,5.0,15.0,15,,236,9.0,3.64
1785716768976,00:26:08,9.0,14.0,5.0,15.0,15,,236,9.0,3.64
1785716771976,00:26:11,9.0,14.0,5.0,15.0,15,,237,9.0,3.66
1785716772976,00:26:12,9.0,14.0,5.0,15.0,15,,237,9.0,3.66
1785716775979,00:26:15,9.0,14.0,5.0,15.0,15,,238,9.0,3.67
1785716779978,00:26:19,9.0,14.0,5.0,15.0,15,,238,9.0,3.67
1785716783976,00:26:23,9.0,14.0,5.0,15.0,15,,237,9.0,3.66
1785716784979,00:26:24,9.0,14.0,5.0,15.0,15,,237,9.0,3.66
1785716787980,00:26:27,9.0,14.0,5.0,15.0,15,,238,9.0,3.67
1785716788980,00:26:28,9.0,14.0,5.0,15.0,15,,238,9.0,3.67
1785716791978,00:26:31,9.0,14.0,5.0,15.0,15,,238,9.0,3.67
1785716792978,00:26:32,9.0,14.0,5.0,15.0,15,,238,9.0,3.67
1785716795977,00:26:35,9.0,14.0,5.0,15.0,15,,238,9.0,3.67
1785716796977,00:26:36,9.0,14.0,5.0,15.0,15,,238,9.0,3.67
1785716799981,00:26:39,9.0,14.0,5.0,15.0,15,,239,9.0,3.69
1785716800979,00:26:40,9.0,14.0,5.0,15.0,15,,239,9.0,3.69
1785716803984,00:26:43,9.0,14.0,5.0,15.0,15,,238,9.0,3.67
1785716807989,00:26:47,9.0,14.0,5.0,15.0,15,,237,9.0,3.66
1785716811988,00:26:51,9.0,14.0,5.0,15.0,15,,238,9.0,3.67
1785716815988,00:26:55,9.0,14.0,5.0,15.0,15,,238,9.0,3.67
1785716819980,00:26:59,9.0,14.0,5.0,15.0,15,,239,9.0,3.69
1785716823976,00:27:03,9.0,14.0,5.0,15.0,15,,238,9.0,3.67
1785716824984,00:27:04,9.0,14.0,5.0,15.0,15,,238,9.0,3.67
1785716827988,00:27:07,9.0,14.0,5.0,15.0,15,,238,9.0,3.67
1785716831980,00:27:11,9.0,14.0,5.0,15.0,15,,237,9.0,3.66
1785716835990,00:27:15,9.0,14.0,5.0,15.0,15,,236,9.0,3.64
1785716836981,00:27:16,9.0,14.0,5.0,15.0,15,,236,9.0,3.64
1785716839979,00:27:19,9.0,14.0,5.0,15.0,15,,237,9.0,3.66
1785716840980,00:27:20,9.0,14.0,5.0,15.0,15,,237,9.0,3.66
1785716843980,00:27:23,9.0,14.0,5.0,15.0,15,,237,9.0,3.66
1785716847992,00:27:27,9.0,14.0,5.0,15.0,15,,239,9.0,3.69
1785716851987,00:27:31,9.0,14.0,5.0,15.0,15,,239,9.0,3.69
1785716855987,00:27:35,9.0,14.0,5.0,15.0,15,,238,9.0,3.67
1785716859986,00:27:39,9.0,14.0,5.0,15.0,15,,239,9.0,3.69
1785716863989,00:27:43,9.0,14.0,5.0,15.0,15,,237,9.0,3.66
1785716864986,00:27:44,9.0,14.0,5.0,15.0,15,,237,9.0,3.66
1785716867989,00:27:47,9.0,14.0,5.0,15.0,15,,237,9.0,3.66
1785716868986,00:27:48,9.0,14.0,5.0,15.0,15,,237,9.0,3.66
1785716871992,00:27:51,9.0,14.0,5.0,15.0,15,,237,9.0,3.66
1785716875989,00:27:55,9.0,14.0,5.0,15.0,15,,237,9.0,3.66
1785716879987,00:27:59,9.0,14.0,5.0,15.0,15,,237,9.0,3.66
1785716880990,00:28:00,9.0,14.0,5.0,15.0,15,,237,9.0,3.66
1785716883991,00:28:03,9.0,14.0,5.0,15.0,15,,238,9.0,3.67
1785716884987,00:28:04,9.0,14.0,5.0,15.0,15,,238,9.0,3.67
1785716887987,00:28:07,9.0,14.0,5.0,15.0,15,,237,9.0,3.66
1785716888990,00:28:08,9.0,14.0,5.0,15.0,15,,237,9.0,3.66
1785716891991,00:28:11,9.0,14.0,5.0,15.0,15,,238,9.0,3.67
1785716895988,00:28:15,9.0,14.0,5.0,15.0,15,,239,9.0,3.69
1785716899991,00:28:19,9.0,14.0,5.0,15.0,15,,238,9.0,3.67
1785716903991,00:28:23,9.0,14.0,5.0,15.0,15,,238,9.0,3.67
1785716904995,00:28:24,9.0,14.0,5.0,15.0,15,,238,9.0,3.67
1785716907991,00:28:27,9.0,14.0,5.0,15.0,15,,238,9.0,3.67
1785716911992,00:28:31,9.0,14.0,5.0,15.0,15,,237,9.0,3.66
1785716915993,00:28:35,9.0,14.0,5.0,15.0,15,,238,9.0,3.67
1785716916990,00:28:36,9.0,14.0,5.0,15.0,15,,238,9.0,3.67
1785716919996,00:28:39,9.0,14.0,5.0,15.0,15,,236,9.0,3.64
1785716920993,00:28:40,9.0,14.0,5.0,15.0,15,,236,9.0,3.64
1785716923991,00:28:43,9.0,14.0,5.0,15.0,15,,237,9.0,3.66
1785716924996,00:28:44,9.0,14.0,5.0,15.0,15,,237,9.0,3.66
1785716927994,00:28:47,9.0,14.0,5.0,15.0,15,,236,9.0,3.64
1785716928991,00:28:48,9.0,14.0,5.0,15.0,15,,236,9.0,3.64
1785716931994,00:28:51,9.0,14.0,5.0,15.0,15,,236,9.0,3.64
1785716935991,00:28:55,9.0,14.0,5.0,15.0,15,,237,9.0,3.66
1785716936996,00:28:56,9.0,14.0,5.0,15.0,15,,237,9.0,3.66
1785716939997,00:28:59,9.0,14.0,5.0,15.0,15,,238,9.0,3.67
1785716940995,00:29:00,9.0,14.0,5.0,15.0,15,,238,9.0,3.67
1785716943995,00:29:03,9.0,14.0,5.0,15.0,15,,238,9.0,3.67
1785716944995,00:29:04,9.0,14.0,5.0,15.0,15,,238,9.0,3.67
1785716947994,00:29:07,9.0,14.0,5.0,15.0,15,,238,9.0,3.67
1785716948995,00:29:08,9.0,14.0,5.0,15.0,15,,238,9.0,3.67
1785716951995,00:29:11,9.0,14.0,5.0,15.0,15,,238,9.0,3.67
1785716952997,00:29:12,9.0,14.0,5.0,15.0,15,,238,9.0,3.67
1785716956998,00:29:16,9.0,14.0,5.0,15.0,15,,237,9.0,3.66
1785716960998,00:29:20,9.0,14.0,5.0,15.0,15,,237,9.0,3.66
1785716961998,00:29:21,9.0,14.0,5.0,15.0,15,,237,9.0,3.66
1785716964998,00:29:24,9.0,14.0,5.0,15.0,15,,236,9.0,3.64
1785716965997,00:29:25,9.0,14.0,5.0,15.0,15,,236,9.0,3.64
1785716968996,00:29:28,9.0,14.0,5.0,15.0,15,,237,9.0,3.66
1785716969996,00:29:29,9.0,14.0,5.0,15.0,15,,237,9.0,3.66
1785716972999,00:29:32,9.0,14.0,5.0,15.0,15,,237,9.0,3.66
1785716973997,00:29:33,9.0,14.0,5.0,15.0,15,,237,9.0,3.66
1785716977000,00:29:37,9.0,14.0,5.0,15.0,15,,236,9.0,3.64
1785716981000,00:29:41,9.0,14.0,5.0,15.0,15,,237,9.0,3.66
1785716984999,00:29:44,9.0,14.0,5.0,15.0,15,,237,9.0,3.66
1785716985998,00:29:45,9.0,14.0,5.0,15.0,15,,237,9.0,3.66
1785716989003,00:29:49,9.0,14.0,5.0,15.0,15,,237,9.0,3.66
1785716993001,00:29:53,9.0,14.0,5.0,15.0,15,,238,9.0,3.67
1785716993998,00:29:53,9.0,14.0,5.0,15.0,15,,238,9.0,3.67
1785716996996,00:29:56,9.0,14.0,5.0,15.0,15,,237,9.0,3.66
1785717001002,00:30:01,9.0,14.0,5.0,15.0,15,,238,9.0,3.67
1785717002000,00:30:02,9.0,14.0,5.0,15.0,15,,238,9.0,3.67
1785717005003,00:30:05,9.0,14.0,5.0,15.0,15,,238,9.0,3.67
1785717009003,00:30:09,9.0,14.0,5.0,15.0,15,,236,9.0,3.64
1785717013001,00:30:13,9.0,14.0,5.0,15.0,15,,235,9.0,3.63
1785717017000,00:30:17,9.0,14.0,5.0,15.0,15,,236,9.0,3.64
1785717021003,00:30:21,9.0,14.0,5.0,15.0,15,,237,9.0,3.66
1785717025003,00:30:25,9.0,14.0,5.0,15.0,15,,236,9.0,3.64
1785717029003,00:30:29,9.0,14.0,5.0,15.0,15,,237,9.0,3.66
1785717033005,00:30:33,9.0,14.0,5.0,15.0,15,,237,9.0,3.66
1785717034005,00:30:34,9.0,14.0,5.0,15.0,15,,237,9.0,3.66
1785717037003,00:30:37,9.0,14.0,5.0,15.0,15,,238,9.0,3.67
1785717038007,00:30:38,9.0,14.0,5.0,15.0,15,,238,9.0,3.67
1785717041006,00:30:41,9.0,14.0,5.0,15.0,15,,236,9.0,3.64
1785717045005,00:30:45,9.0,14.0,5.0,15.0,15,,237,9.0,3.66
1785717049006,00:30:49,9.0,14.0,5.0,15.0,15,,236,9.0,3.64
1785717053007,00:30:53,9.0,14.0,5.0,15.0,15,,236,9.0,3.64
1785717057007,00:30:57,9.0,14.0,5.0,15.0,15,,236,9.0,3.64
1785717061006,00:31:01,9.0,14.0,5.0,15.0,15,,237,9.0,3.66
1785717062006,00:31:02,9.0,14.0,5.0,15.0,15,,237,9.0,3.66
1785717065005,00:31:05,9.0,14.0,5.0,15.0,15,,237,9.0,3.66
1785717069010,00:31:09,9.0,14.0,5.0,15.0,15,,237,9.0,3.66
1785717073006,00:31:13,9.0,14.0,5.0,15.0,15,,236,9.0,3.64
1785717077009,00:31:17,9.0,14.0,5.0,15.0,15,,236,9.0,3.64
1785717078008,00:31:18,9.0,14.0,5.0,15.0,15,,236,9.0,3.64
1785717081009,00:31:21,9.0,14.0,5.0,15.0,15,,234,9.0,3.61
1785717085007,00:31:25,9.0,14.0,5.0,15.0,15,,236,9.0,3.64
1785717089009,00:31:29,9.0,14.0,5.0,15.0,15,,235,9.0,3.63
1785717093010,00:31:33,9.0,14.0,5.0,15.0,15,,235,9.0,3.63
1785717097011,00:31:37,9.0,14.0,5.0,15.0,15,,237,9.0,3.66
1785717101012,00:31:41,9.0,14.0,5.0,15.0,15,,237,9.0,3.66
1785717105014,00:31:45,9.0,14.0,5.0,15.0,15,,235,9.0,3.63
1785717109011,00:31:49,9.0,14.0,5.0,15.0,15,,236,9.0,3.64
1785717110010,00:31:50,9.0,14.0,5.0,15.0,15,,236,9.0,3.64
1785717113015,00:31:53,9.0,14.0,5.0,15.0,15,,235,9.0,3.63
1785717117017,00:31:57,9.0,14.0,5.0,15.0,15,,235,9.0,3.63
1785717121013,00:32:01,9.0,14.0,5.0,15.0,15,,236,9.0,3.64
1785717125012,00:32:05,9.0,14.0,5.0,15.0,15,,236,9.0,3.64
1785717129012,00:32:09,9.0,14.0,5.0,15.0,15,,236,9.0,3.64
1785717133016,00:32:13,9.0,14.0,5.0,15.0,15,,237,9.0,3.66
1785717134015,00:32:14,9.0,14.0,5.0,15.0,15,,237,9.0,3.66
1785717137017,00:32:17,9.0,14.0,5.0,15.0,15,,237,9.0,3.66
1785717138013,00:32:18,9.0,14.0,5.0,15.0,15,,237,9.0,3.66
1785717141013,00:32:21,9.0,14.0,5.0,15.0,15,,236,9.0,3.64
1785717145013,00:32:25,9.0,14.0,5.0,15.0,15,,236,9.0,3.64
1785717149019,00:32:29,9.0,14.0,5.0,15.0,15,,235,9.0,3.63
1785717153015,00:32:33,9.0,14.0,5.0,15.0,15,,236,9.0,3.64
1785717157017,00:32:37,9.0,14.0,5.0,15.0,15,,235,9.0,3.63
1785717158016,00:32:38,9.0,14.0,5.0,15.0,15,,235,9.0,3.63
1785717161016,00:32:41,9.0,14.0,5.0,15.0,15,,235,9.0,3.63
1785717165019,00:32:45,9.0,14.0,5.0,15.0,15,,235,9.0,3.63
1785717169017,00:32:49,9.0,14.0,5.0,15.0,15,,236,9.0,3.64
1785717170018,00:32:50,9.0,14.0,5.0,15.0,15,,236,9.0,3.64
1785717173021,00:32:53,9.0,14.0,5.0,15.0,15,,235,9.0,3.63
1785717177019,00:32:57,9.0,14.0,5.0,15.0,15,,236,9.0,3.64
1785717181018,00:33:01,9.0,14.0,5.0,15.0,15,,235,9.0,3.63
1785717182016,00:33:02,9.0,14.0,5.0,15.0,15,,235,9.0,3.63
1785717185017,00:33:05,9.0,14.0,5.0,15.0,15,,235,9.0,3.63
1785717186019,00:33:06,9.0,14.0,5.0,15.0,15,,235,9.0,3.63
1785717189021,00:33:09,9.0,14.0,5.0,15.0,15,,235,9.0,3.63
1785717193021,00:33:13,9.0,14.0,5.0,15.0,15,,234,9.0,3.61
1785717197020,00:33:17,9.0,14.0,5.0,15.0,15,,235,9.0,3.63
1785717201022,00:33:21,9.0,14.0,5.0,15.0,15,,236,9.0,3.64
1785717202019,00:33:22,9.0,14.0,5.0,15.0,15,,236,9.0,3.64
1785717205023,00:33:25,9.0,14.0,5.0,15.0,15,,236,9.0,3.64
1785717206023,00:33:26,9.0,14.0,5.0,15.0,15,,236,9.0,3.64
1785717209021,00:33:29,9.0,14.0,5.0,15.0,15,,235,9.0,3.63
1785717210030,00:33:30,9.0,14.0,5.0,15.0,15,,235,9.0,3.63
1785717213023,00:33:33,9.0,14.0,5.0,15.0,15,,234,9.0,3.61
1785717214019,00:33:34,9.0,14.0,5.0,15.0,15,,234,9.0,3.61
1785717217024,00:33:37,9.0,14.0,5.0,15.0,15,,234,9.0,3.61
1785717218022,00:33:38,9.0,14.0,5.0,15.0,15,,234,9.0,3.61
1785717221025,00:33:41,9.0,14.0,5.0,15.0,15,,233,9.0,3.60
1785717222023,00:33:42,9.0,14.0,5.0,15.0,15,,233,9.0,3.60
1785717225024,00:33:45,9.0,14.0,5.0,15.0,15,,235,9.0,3.63
1785717226024,00:33:46,9.0,14.0,5.0,15.0,15,,235,9.0,3.63
1785717229024,00:33:49,9.0,14.0,5.0,15.0,15,,235,9.0,3.63
1785717233027,00:33:53,9.0,14.0,5.0,15.0,15,,236,9.0,3.64
1785717234025,00:33:54,9.0,14.0,5.0,15.0,15,,236,9.0,3.64
1785717237023,00:33:57,9.0,14.0,5.0,15.0,15,,237,9.0,3.66
1785717241025,00:34:01,9.0,14.0,5.0,15.0,15,,236,9.0,3.64
1785717245024,00:34:05,9.0,14.0,5.0,15.0,15,,235,9.0,3.63
1785717246023,00:34:06,9.0,14.0,5.0,15.0,15,,235,9.0,3.63
1785717249025,00:34:09,9.0,14.0,5.0,15.0,15,,235,9.0,3.63
1785717253025,00:34:13,9.0,14.0,5.0,15.0,15,,235,9.0,3.63
1785717254029,00:34:14,9.0,14.0,5.0,15.0,15,,235,9.0,3.63
1785717257027,00:34:17,9.0,14.0,5.0,15.0,15,,235,9.0,3.63
1785717258027,00:34:18,9.0,14.0,5.0,15.0,15,,235,9.0,3.63
1785717261026,00:34:21,9.0,14.0,5.0,15.0,15,,235,9.0,3.63
1785717265032,00:34:25,9.0,14.0,5.0,15.0,15,,236,9.0,3.64
1785717266029,00:34:26,9.0,14.0,5.0,15.0,15,,236,9.0,3.64
1785717269028,00:34:29,9.0,14.0,5.0,15.0,15,,235,9.0,3.63
1785717273027,00:34:33,9.0,14.0,5.0,15.0,15,,235,9.0,3.63
1785717277030,00:34:37,9.0,14.0,5.0,15.0,15,,235,9.0,3.63
1785717281028,00:34:41,9.0,14.0,5.0,15.0,15,,233,9.0,3.60
1785717285033,00:34:45,9.0,14.0,5.0,15.0,15,,234,9.0,3.61
1785717289027,00:34:49,9.0,14.0,5.0,15.0,15,,234,9.0,3.61
1785717290028,00:34:50,9.0,14.0,5.0,15.0,15,,234,9.0,3.61
1785717293032,00:34:53,9.0,14.0,5.0,15.0,15,,233,9.0,3.60
1785717294028,00:34:54,9.0,14.0,5.0,15.0,15,,233,9.0,3.60
1785717297033,00:34:57,9.0,14.0,5.0,15.0,15,,235,9.0,3.63
1785717301028,00:35:01,9.0,14.0,5.0,15.0,15,,235,9.0,3.63
1785717302030,00:35:02,9.0,14.0,5.0,15.0,15,,235,9.0,3.63
1785717305028,00:35:05,9.0,14.0,5.0,15.0,15,,237,9.0,3.66
1785717309037,00:35:09,9.0,14.0,5.0,15.0,15,,236,9.0,3.64
1785717310031,00:35:10,9.0,14.0,5.0,15.0,15,,236,9.0,3.64
1785717313032,00:35:13,9.0,14.0,5.0,15.0,15,,234,9.0,3.61
1785717314033,00:35:14,9.0,14.0,5.0,15.0,15,,234,9.0,3.61
1785717317034,00:35:17,9.0,14.0,5.0,15.0,15,,233,9.0,3.60
1785717321035,00:35:21,9.0,14.0,5.0,15.0,15,,235,9.0,3.63
1785717325036,00:35:25,9.0,14.0,5.0,15.0,15,,234,9.0,3.61
1785717329034,00:35:29,9.0,14.0,5.0,15.0,15,,236,9.0,3.64
1785717333036,00:35:33,9.0,14.0,5.0,15.0,15,,235,9.0,3.63
1785717334036,00:35:34,9.0,14.0,5.0,15.0,15,,235,9.0,3.63
1785717337038,00:35:37,9.0,14.0,5.0,15.0,15,,235,9.0,3.63
1785717338036,00:35:38,9.0,14.0,5.0,15.0,15,,235,9.0,3.63
1785717341037,00:35:41,9.0,14.0,5.0,15.0,15,,236,9.0,3.64
1785717342035,00:35:42,9.0,14.0,5.0,15.0,15,,236,9.0,3.64
1785717345039,00:35:45,9.0,14.0,5.0,15.0,15,,234,9.0,3.61
1785717346035,00:35:46,9.0,14.0,5.0,15.0,15,,234,9.0,3.61
1785717349038,00:35:49,9.0,14.0,5.0,15.0,15,,235,9.0,3.63
1785717350040,00:35:50,9.0,14.0,5.0,15.0,15,,235,9.0,3.63
1785717353038,00:35:53,9.0,14.0,5.0,15.0,15,,236,9.0,3.64
1785717354038,00:35:54,9.0,14.0,5.0,15.0,15,,236,9.0,3.64
1785717357040,00:35:57,9.0,14.0,5.0,15.0,15,,235,9.0,3.63
1785717361033,00:36:01,9.0,14.0,5.0,15.0,15,,236,9.0,3.64
1785717362042,00:36:02,9.0,14.0,5.0,15.0,15,,236,9.0,3.64
1785717365037,00:36:05,9.0,14.0,5.0,15.0,15,,236,9.0,3.64
1785717366039,00:36:06,9.0,14.0,5.0,15.0,15,,236,9.0,3.64
1785717369040,00:36:09,9.0,14.0,5.0,15.0,15,,236,9.0,3.64
1785717370039,00:36:10,9.0,14.0,5.0,15.0,15,,236,9.0,3.64
1785717373042,00:36:13,9.0,14.0,5.0,15.0,15,,235,9.0,3.63
1785717374035,00:36:14,9.0,14.0,5.0,15.0,15,,235,9.0,3.63
1785717377043,00:36:17,9.0,14.0,5.0,15.0,15,,237,9.0,3.66
1785717378039,00:36:18,9.0,14.0,5.0,15.0,15,,237,9.0,3.66
1785717381043,00:36:21,9.0,14.0,5.0,15.0,15,,235,9.0,3.63
1785717385041,00:36:25,9.0,14.0,5.0,15.0,15,,237,9.0,3.66
1785717386040,00:36:26,9.0,14.0,5.0,15.0,15,,237,9.0,3.66
1785717389041,00:36:29,9.0,14.0,5.0,15.0,15,,235,9.0,3.63
1785717393041,00:36:33,9.0,14.0,5.0,15.0,15,,236,9.0,3.64
1785717394041,00:36:34,9.0,14.0,5.0,15.0,15,,236,9.0,3.64
1785717397039,00:36:37,9.0,14.0,5.0,15.0,15,,237,9.0,3.66
1785717401043,00:36:41,9.0,14.0,5.0,15.0,15,,235,9.0,3.63
1785717402044,00:36:42,9.0,14.0,5.0,15.0,15,,235,9.0,3.63
1785717405040,00:36:45,9.0,14.0,5.0,15.0,15,,234,9.0,3.61
1785717409043,00:36:49,9.0,14.0,5.0,15.0,15,,235,9.0,3.63
1785717413046,00:36:53,9.0,14.0,5.0,15.0,15,,235,9.0,3.63
1785717414041,00:36:54,9.0,14.0,5.0,15.0,15,,235,9.0,3.63
1785717417044,00:36:57,9.0,14.0,5.0,15.0,15,,237,9.0,3.66
1785717418047,00:36:58,9.0,14.0,5.0,15.0,15,,237,9.0,3.66
1785717421044,00:37:01,9.0,14.0,5.0,15.0,15,,235,9.0,3.63
1785717425039,00:37:05,9.0,14.0,5.0,15.0,15,,234,9.0,3.61
1785717429047,00:37:09,9.0,14.0,5.0,15.0,15,,235,9.0,3.63
1785717433046,00:37:13,9.0,14.0,5.0,15.0,15,,235,9.0,3.63
1785717437043,00:37:17,9.0,14.0,5.0,15.0,15,,236,9.0,3.64
1785717438044,00:37:18,9.0,14.0,5.0,15.0,15,,236,9.0,3.64
1785717441041,00:37:21,9.0,14.0,5.0,15.0,15,,236,9.0,3.64
1785717442042,00:37:22,9.0,14.0,5.0,15.0,15,,236,9.0,3.64
1785717445045,00:37:25,9.0,14.0,5.0,15.0,15,,237,9.0,3.66
1785717446046,00:37:26,9.0,14.0,5.0,15.0,15,,237,9.0,3.66
1785717449055,00:37:29,9.0,14.0,5.0,15.0,15,,236,9.0,3.64
1785717450054,00:37:30,9.0,14.0,5.0,15.0,15,,236,9.0,3.64
1785717453047,00:37:33,9.0,14.0,5.0,15.0,15,,235,9.0,3.63
1785717454049,00:37:34,9.0,14.0,5.0,15.0,15,,235,9.0,3.63
1785717457045,00:37:37,9.0,14.0,5.0,15.0,15,,236,9.0,3.64
1785717461047,00:37:41,9.0,14.0,5.0,15.0,15,,235,9.0,3.63
1785717465050,00:37:45,9.0,14.0,5.0,15.0,15,,235,9.0,3.63
1785717469048,00:37:49,9.0,14.0,5.0,15.0,15,,234,9.0,3.61
1785717473045,00:37:53,9.0,14.0,5.0,15.0,15,,233,9.0,3.60
1785717477049,00:37:57,9.0,14.0,5.0,15.0,15,,235,9.0,3.63
1785717478049,00:37:58,9.0,14.0,5.0,15.0,15,,235,9.0,3.63
1785717481052,00:38:01,9.0,14.0,5.0,15.0,15,,234,9.0,3.61
1785717482049,00:38:02,9.0,14.0,5.0,15.0,15,,234,9.0,3.61
1785717485046,00:38:05,9.0,14.0,5.0,15.0,15,,234,9.0,3.61
1785717486059,00:38:06,9.0,14.0,5.0,15.0,15,,234,9.0,3.61
1785717489048,00:38:09,9.0,14.0,5.0,15.0,15,,235,9.0,3.63
1785717493053,00:38:13,9.0,14.0,5.0,15.0,15,,236,9.0,3.64
1785717494050,00:38:14,9.0,14.0,5.0,15.0,15,,236,9.0,3.64
1785717497052,00:38:17,9.0,14.0,5.0,15.0,15,,236,9.0,3.64
1785717498055,00:38:18,9.0,14.0,5.0,15.0,15,,236,9.0,3.64
1785717501050,00:38:21,9.0,14.0,5.0,15.0,15,,236,9.0,3.64
1785717505050,00:38:25,9.0,14.0,5.0,15.0,15,,234,9.0,3.61
1785717506049,00:38:26,9.0,14.0,5.0,15.0,15,,234,9.0,3.61
1785717509052,00:38:29,9.0,14.0,5.0,15.0,15,,234,9.0,3.61
1785717513054,00:38:33,9.0,14.0,5.0,15.0,15,,235,9.0,3.63
1785717517056,00:38:37,9.0,14.0,5.0,15.0,15,,235,9.0,3.63
1785717521054,00:38:41,9.0,14.0,5.0,15.0,15,,234,9.0,3.61
1785717525051,00:38:45,9.0,14.0,5.0,15.0,15,,235,9.0,3.63
1785717526054,00:38:46,9.0,14.0,5.0,15.0,15,,235,9.0,3.63
1785717529056,00:38:49,9.0,14.0,5.0,15.0,15,,234,9.0,3.61
1785717533055,00:38:53,9.0,14.0,5.0,15.0,15,,235,9.0,3.63
1785717537070,00:38:57,9.0,14.0,5.0,15.0,15,,235,9.0,3.63
1785717541055,00:39:01,9.0,14.0,5.0,15.0,15,,235,9.0,3.63
1785717542058,00:39:02,9.0,14.0,5.0,15.0,15,,235,9.0,3.63
1785717545055,00:39:05,9.0,14.0,5.0,15.0,15,,234,9.0,3.61
1785717549056,00:39:09,9.0,14.0,5.0,15.0,15,,234,9.0,3.61
1785717553057,00:39:13,9.0,14.0,5.0,15.0,15,,235,9.0,3.63
1785717557060,00:39:17,9.0,14.0,5.0,15.0,15,,235,9.0,3.63
1785717561061,00:39:21,9.0,14.0,5.0,15.0,15,,234,9.0,3.61
1785717562057,00:39:22,9.0,14.0,5.0,15.0,15,,234,9.0,3.61
1785717565060,00:39:25,9.0,14.0,5.0,15.0,15,,235,9.0,3.63
1785717569056,00:39:29,9.0,14.0,5.0,15.0,15,,236,9.0,3.64
1785717570060,00:39:30,9.0,14.0,5.0,15.0,15,,236,9.0,3.64
1785717573056,00:39:33,9.0,14.0,5.0,15.0,15,,235,9.0,3.63
1785717577061,00:39:37,9.0,14.0,5.0,15.0,15,,233,9.0,3.60
1785717581061,00:39:41,9.0,14.0,5.0,15.0,15,,233,9.0,3.60
1785717582060,00:39:42,9.0,14.0,5.0,15.0,15,,233,9.0,3.60
1785717585060,00:39:45,9.0,14.0,5.0,15.0,15,,234,9.0,3.61
1785717589061,00:39:49,9.0,14.0,5.0,15.0,15,,235,9.0,3.63
1785717593064,00:39:53,9.0,14.0,5.0,15.0,15,,234,9.0,3.61
1785717594064,00:39:54,9.0,14.0,5.0,15.0,15,,234,9.0,3.61
1785717597061,00:39:57,9.0,14.0,5.0,15.0,15,,234,9.0,3.61
1785717601062,00:40:01,9.0,14.0,5.0,15.0,15,,236,9.0,3.64
1785717605060,00:40:05,9.0,14.0,5.0,15.0,15,,233,9.0,3.60
1785717606063,00:40:06,9.0,14.0,5.0,15.0,15,,233,9.0,3.60
1785717609066,00:40:09,9.0,14.0,5.0,15.0,15,,234,9.0,3.61
1785717610065,00:40:10,9.0,14.0,5.0,15.0,15,,234,9.0,3.61
1785717613065,00:40:13,9.0,14.0,5.0,15.0,15,,235,9.0,3.63
1785717617061,00:40:17,9.0,14.0,5.0,15.0,15,,234,9.0,3.61
1785717621064,00:40:21,9.0,14.0,5.0,15.0,15,,234,9.0,3.61
1785717622063,00:40:22,9.0,14.0,5.0,15.0,15,,234,9.0,3.61
1785717625062,00:40:25,9.0,14.0,5.0,15.0,15,,235,9.0,3.63
1785717626063,00:40:26,9.0,14.0,5.0,15.0,15,,235,9.0,3.63
1785717629080,00:40:29,9.0,14.0,5.0,15.0,15,,235,9.0,3.63
1785717633065,00:40:33,9.0,14.0,5.0,15.0,15,,236,9.0,3.64
1785717637064,00:40:37,9.0,14.0,5.0,15.0,15,,235,9.0,3.63
1785717638062,00:40:38,9.0,14.0,5.0,15.0,15,,235,9.0,3.63
1785717641067,00:40:41,9.0,14.0,5.0,15.0,15,,234,9.0,3.61
1785717642067,00:40:42,9.0,14.0,5.0,15.0,15,,234,9.0,3.61
1785717645069,00:40:45,9.0,14.0,5.0,15.0,15,,233,9.0,3.60
1785717646065,00:40:46,9.0,14.0,5.0,15.0,15,,233,9.0,3.60
1785717649067,00:40:49,9.0,14.0,5.0,15.0,15,,234,9.0,3.61
1785717653066,00:40:53,9.0,14.0,5.0,15.0,15,,233,9.0,3.60
1785717654066,00:40:54,9.0,14.0,5.0,15.0,15,,233,9.0,3.60
1785717657069,00:40:57,9.0,14.0,5.0,15.0,15,,235,9.0,3.63
1785717661067,00:41:01,9.0,14.0,5.0,15.0,15,,235,9.0,3.63
1785717665068,00:41:05,9.0,14.0,5.0,15.0,15,,235,9.0,3.63
1785717666071,00:41:06,9.0,14.0,5.0,15.0,15,,235,9.0,3.63
1785717669070,00:41:09,9.0,14.0,5.0,15.0,15,,237,9.0,3.66
1785717670076,00:41:10,9.0,14.0,5.0,15.0,15,,237,9.0,3.66
1785717673071,00:41:13,9.0,14.0,5.0,15.0,15,,235,9.0,3.63
1785717677070,00:41:17,9.0,14.0,5.0,15.0,15,,233,9.0,3.60
1785717681071,00:41:21,9.0,14.0,5.0,15.0,15,,234,9.0,3.61
1785717682068,00:41:22,9.0,14.0,5.0,15.0,15,,234,9.0,3.61
1785717685072,00:41:25,9.0,14.0,5.0,15.0,15,,234,9.0,3.61
1785717689072,00:41:29,9.0,14.0,5.0,15.0,15,,235,9.0,3.63
1785717690067,00:41:30,9.0,14.0,5.0,15.0,15,,235,9.0,3.63
1785717693071,00:41:33,9.0,14.0,5.0,15.0,15,,235,9.0,3.63
1785717694074,00:41:34,9.0,14.0,5.0,15.0,15,,235,9.0,3.63
1785717697076,00:41:37,9.0,14.0,5.0,15.0,15,,235,9.0,3.63
1785717698072,00:41:38,9.0,14.0,5.0,15.0,15,,235,9.0,3.63
1785717701075,00:41:41,9.0,14.0,5.0,15.0,15,,234,9.0,3.61
1785717705074,00:41:45,9.0,14.0,5.0,15.0,15,,235,9.0,3.63
1785717709072,00:41:49,9.0,14.0,5.0,15.0,15,,235,9.0,3.63
1785717710074,00:41:50,9.0,14.0,5.0,15.0,15,,235,9.0,3.63
1785717713074,00:41:53,9.0,14.0,5.0,15.0,15,,234,9.0,3.61
1785717717076,00:41:57,9.0,14.0,5.0,15.0,15,,234,9.0,3.61
1785717718072,00:41:58,9.0,14.0,5.0,15.0,15,,234,9.0,3.61
1785717721072,00:42:01,9.0,14.0,5.0,15.0,15,,233,9.0,3.60
1785717722076,00:42:02,9.0,14.0,5.0,15.0,15,,233,9.0,3.60
1785717725074,00:42:05,9.0,14.0,5.0,15.0,15,,234,9.0,3.61
1785717729075,00:42:09,9.0,14.0,5.0,15.0,15,,235,9.0,3.63
1785717733077,00:42:13,9.0,14.0,5.0,15.0,15,,235,9.0,3.63
1785717737071,00:42:17,9.0,14.0,5.0,15.0,15,,234,9.0,3.61
1785717741078,00:42:21,9.0,14.0,5.0,15.0,15,,234,9.0,3.61
1785717745079,00:42:25,9.0,14.0,5.0,15.0,15,,234,9.0,3.61
1785717749077,00:42:29,9.0,14.0,5.0,15.0,15,,235,9.0,3.63
1785717753076,00:42:33,9.0,14.0,5.0,15.0,15,,234,9.0,3.61
1785717754078,00:42:34,9.0,14.0,5.0,15.0,15,,234,9.0,3.61
1785717757074,00:42:37,9.0,14.0,5.0,15.0,15,,234,9.0,3.61
1785717761077,00:42:41,9.0,14.0,5.0,15.0,15,,233,9.0,3.60
1785717762078,00:42:42,9.0,14.0,5.0,15.0,15,,233,9.0,3.60
1785717765076,00:42:45,9.0,14.0,5.0,15.0,15,,233,9.0,3.60
1785717769078,00:42:49,9.0,14.0,5.0,15.0,15,,234,9.0,3.61
1785717773080,00:42:53,9.0,14.0,5.0,15.0,15,,235,9.0,3.63
1785717774079,00:42:54,9.0,14.0,5.0,15.0,15,,235,9.0,3.63
1785717777076,00:42:57,9.0,14.0,5.0,15.0,15,,234,9.0,3.61
1785717781076,00:43:01,9.0,14.0,5.0,15.0,15,,236,9.0,3.64
1785717785080,00:43:05,9.0,14.0,5.0,15.0,15,,234,9.0,3.61
1785717789080,00:43:09,9.0,14.0,5.0,15.0,15,,234,9.0,3.61
1785717793080,00:43:13,9.0,14.0,5.0,15.0,15,,233,9.0,3.60
1785717797081,00:43:17,9.0,14.0,5.0,15.0,15,,232,9.0,3.58
1785717801084,00:43:21,9.0,14.0,5.0,15.0,15,,234,9.0,3.61
1785717805084,00:43:25,9.0,14.0,5.0,15.0,15,,235,9.0,3.63
1785717809084,00:43:29,9.0,14.0,5.0,15.0,15,,235,9.0,3.63
1785717810084,00:43:30,9.0,14.0,5.0,15.0,15,,235,9.0,3.63
1785717813084,00:43:33,9.0,14.0,5.0,15.0,15,,234,9.0,3.61
1785717814086,00:43:34,9.0,14.0,5.0,15.0,15,,234,9.0,3.61
1785717817084,00:43:37,9.0,14.0,5.0,15.0,15,,234,9.0,3.61
1785717821087,00:43:41,9.0,14.0,5.0,15.0,15,,234,9.0,3.61
1785717822084,00:43:42,9.0,14.0,5.0,15.0,15,,234,9.0,3.61
1785717825085,00:43:45,9.0,14.0,5.0,15.0,15,,234,9.0,3.61
1785717826083,00:43:46,9.0,14.0,5.0,15.0,15,,234,9.0,3.61
1785717829088,00:43:49,9.0,14.0,5.0,15.0,15,,234,9.0,3.61
1785717833084,00:43:53,9.0,14.0,5.0,15.0,15,,234,9.0,3.61
1785717834089,00:43:54,9.0,14.0,5.0,15.0,15,,234,9.0,3.61
1785717837087,00:43:57,9.0,14.0,5.0,15.0,15,,234,9.0,3.61
1785717841086,00:44:01,9.0,14.0,5.0,15.0,15,,234,9.0,3.61
1785717845086,00:44:05,9.0,14.0,5.0,15.0,15,,235,9.0,3.63
1785717849087,00:44:09,9.0,14.0,5.0,15.0,15,,234,9.0,3.61
1785717853084,00:44:13,9.0,14.0,5.0,15.0,15,,235,9.0,3.63
1785717854083,00:44:14,9.0,14.0,5.0,15.0,15,,235,9.0,3.63
1785717857089,00:44:17,9.0,14.0,5.0,15.0,15,,234,9.0,3.61
1785717861091,00:44:21,9.0,14.0,5.0,15.0,15,,234,9.0,3.61
1785717865091,00:44:25,9.0,14.0,5.0,15.0,15,,233,9.0,3.60
1785717866088,00:44:26,9.0,14.0,5.0,15.0,15,,233,9.0,3.60
1785717869092,00:44:29,9.0,14.0,5.0,15.0,15,,235,9.0,3.63
1785717870093,00:44:30,9.0,14.0,5.0,15.0,15,,235,9.0,3.63
1785717873086,00:44:33,9.0,14.0,5.0,15.0,15,,234,9.0,3.61
1785717877091,00:44:37,9.0,14.0,5.0,15.0,15,,234,9.0,3.61
1785717881091,00:44:41,9.0,14.0,5.0,15.0,15,,234,9.0,3.61
1785717882095,00:44:42,9.0,14.0,5.0,15.0,15,,234,9.0,3.61
1785717885093,00:44:45,9.0,14.0,5.0,15.0,15,,234,9.0,3.61
1785717889092,00:44:49,9.0,14.0,5.0,15.0,15,,235,9.0,3.63
1785717890092,00:44:50,9.0,14.0,5.0,15.0,15,,235,9.0,3.63
1785717893096,00:44:53,9.0,14.0,5.0,15.0,15,,233,9.0,3.60
1785717897091,00:44:57,9.0,14.0,5.0,15.0,15,,232,9.0,3.58
1785717898092,00:44:58,9.0,14.0,5.0,15.0,15,,232,9.0,3.58
1785717901090,00:45:01,9.0,14.0,5.0,15.0,15,,233,9.0,3.60
1785717905092,00:45:05,9.0,14.0,5.0,15.0,15,,234,9.0,3.61
1785717909102,00:45:09,9.0,14.0,5.0,15.0,15,,234,9.0,3.61
1785717910089,00:45:10,9.0,14.0,5.0,15.0,15,,234,9.0,3.61
1785717913090,00:45:13,9.0,14.0,5.0,15.0,15,,234,9.0,3.61
1785717917095,00:45:17,9.0,14.0,5.0,15.0,15,,233,9.0,3.60
1785717918097,00:45:18,9.0,14.0,5.0,15.0,15,,233,9.0,3.60
1785717921095,00:45:21,9.0,14.0,5.0,15.0,15,,233,9.0,3.60
1785717922092,00:45:22,9.0,14.0,5.0,15.0,15,,233,9.0,3.60
1785717925093,00:45:25,9.0,14.0,5.0,15.0,15,,234,9.0,3.61
1785717929095,00:45:29,9.0,14.0,5.0,15.0,15,,234,9.0,3.61
1785717930091,00:45:30,9.0,14.0,5.0,15.0,15,,234,9.0,3.61
1785717933096,00:45:33,9.0,14.0,5.0,15.0,15,,234,9.0,3.61
1785717934100,00:45:34,9.0,14.0,5.0,15.0,15,,234,9.0,3.61
1785717937097,00:45:37,9.0,14.0,5.0,15.0,15,,234,9.0,3.61
1785717941092,00:45:41,9.0,14.0,5.0,15.0,15,,235,9.0,3.63
1785717945096,00:45:45,9.0,14.0,5.0,15.0,15,,235,9.0,3.63
1785717949096,00:45:49,9.0,14.0,5.0,15.0,15,,234,9.0,3.61
1785717950097,00:45:50,9.0,14.0,5.0,15.0,15,,234,9.0,3.61
1785717953098,00:45:53,9.0,14.0,5.0,15.0,15,,234,9.0,3.61
1785717954100,00:45:54,9.0,14.0,5.0,15.0,15,,234,9.0,3.61
1785717957100,00:45:57,9.0,14.0,5.0,15.0,15,,234,9.0,3.61
1785717961100,00:46:01,9.0,14.0,5.0,15.0,15,,233,9.0,3.60
1785717962095,00:46:02,9.0,14.0,5.0,15.0,15,,233,9.0,3.60
1785717965100,00:46:05,9.0,14.0,5.0,15.0,15,,231,9.0,3.57
1785717969098,00:46:09,9.0,14.0,5.0,15.0,15,,233,9.0,3.60
1785717970102,00:46:10,9.0,14.0,5.0,15.0,15,,233,9.0,3.60
1785717973102,00:46:13,9.0,14.0,5.0,15.0,15,,233,9.0,3.60
1785717974095,00:46:14,9.0,14.0,5.0,15.0,15,,233,9.0,3.60
1785717977103,00:46:17,9.0,14.0,5.0,15.0,15,,233,9.0,3.60
1785717978100,00:46:18,9.0,14.0,5.0,15.0,15,,233,9.0,3.60
1785717981102,00:46:21,9.0,14.0,5.0,15.0,15,,233,9.0,3.60
1785717985105,00:46:25,9.0,14.0,5.0,15.0,15,,233,9.0,3.60
1785717986099,00:46:26,9.0,14.0,5.0,15.0,15,,233,9.0,3.60
1785717989101,00:46:29,9.0,14.0,5.0,15.0,15,,234,9.0,3.61
1785717993100,00:46:33,9.0,14.0,5.0,15.0,15,,235,9.0,3.63
1785717994101,00:46:34,9.0,14.0,5.0,15.0,15,,235,9.0,3.63
1785717997100,00:46:37,9.0,14.0,5.0,15.0,15,,233,9.0,3.60
1785718001102,00:46:41,9.0,14.0,5.0,15.0,15,,233,9.0,3.60
1785718005102,00:46:45,9.0,14.0,5.0,15.0,15,,234,9.0,3.61
1785718006104,00:46:46,9.0,14.0,5.0,15.0,15,,234,9.0,3.61
1785718009111,00:46:49,9.0,14.0,5.0,15.0,15,,234,9.0,3.61
1785718010098,00:46:50,9.0,14.0,5.0,15.0,15,,234,9.0,3.61
1785718013101,00:46:53,9.0,14.0,5.0,15.0,15,,233,9.0,3.60
1785718017105,00:46:57,9.0,14.0,5.0,15.0,15,,234,9.0,3.61
1785718018102,00:46:58,9.0,14.0,5.0,15.0,15,,234,9.0,3.61
1785718021105,00:47:01,9.0,14.0,5.0,15.0,15,,234,9.0,3.61
1785718022106,00:47:02,9.0,14.0,5.0,15.0,15,,234,9.0,3.61
1785718025106,00:47:05,9.0,14.0,5.0,15.0,15,,233,9.0,3.60
1785718026104,00:47:06,9.0,14.0,5.0,15.0,15,,233,9.0,3.60
1785718029104,00:47:09,9.0,14.0,5.0,15.0,15,,234,9.0,3.61
1785718033106,00:47:13,9.0,14.0,5.0,15.0,15,,233,9.0,3.60
1785718037109,00:47:17,9.0,14.0,5.0,15.0,15,,231,9.0,3.57
1785718041106,00:47:21,9.0,14.0,5.0,15.0,15,,232,9.0,3.58
1785718045108,00:47:25,9.0,14.0,5.0,15.0,15,,233,9.0,3.60
1785718049107,00:47:29,9.0,14.0,5.0,15.0,15,,233,9.0,3.60
1785718053109,00:47:33,9.0,14.0,5.0,15.0,15,,234,9.0,3.61
1785718057110,00:47:37,9.0,14.0,5.0,15.0,15,,233,9.0,3.60
1785718061108,00:47:41,9.0,14.0,5.0,15.0,15,,234,9.0,3.61
1785718065109,00:47:45,9.0,14.0,5.0,15.0,15,,233,9.0,3.60
1785718069116,00:47:49,9.0,14.0,5.0,15.0,15,,234,9.0,3.61
1785718070111,00:47:50,9.0,14.0,5.0,15.0,15,,234,9.0,3.61
1785718073110,00:47:53,9.0,14.0,5.0,15.0,15,,233,9.0,3.60
1785718077111,00:47:57,9.0,14.0,5.0,15.0,15,,234,9.0,3.61
1785718081113,00:48:01,9.0,14.0,5.0,15.0,15,,233,9.0,3.60
1785718082108,00:48:02,9.0,14.0,5.0,15.0,15,,233,9.0,3.60
1785718085108,00:48:05,9.0,14.0,5.0,15.0,15,,234,9.0,3.61
1785718086110,00:48:06,9.0,14.0,5.0,15.0,15,,234,9.0,3.61
1785718089110,00:48:09,9.0,14.0,5.0,15.0,15,,234,9.0,3.61
1785718090113,00:48:10,9.0,14.0,5.0,15.0,15,,234,9.0,3.61
1785718093111,00:48:13,9.0,14.0,5.0,15.0,15,,232,9.0,3.58
1785718094114,00:48:14,9.0,14.0,5.0,15.0,15,,232,9.0,3.58
1785718097109,00:48:17,9.0,14.0,5.0,15.0,15,,231,9.0,3.57
1785718098111,00:48:18,9.0,14.0,5.0,15.0,15,,231,9.0,3.57
1785718101111,00:48:21,9.0,14.0,5.0,15.0,15,,233,9.0,3.60
1785718105114,00:48:25,9.0,14.0,5.0,15.0,15,,232,9.0,3.58
1785718109110,00:48:29,9.0,14.0,5.0,15.0,15,,232,9.0,3.58
1785718113115,00:48:33,9.0,14.0,5.0,15.0,15,,233,9.0,3.60
1785718117115,00:48:37,9.0,14.0,5.0,15.0,15,,234,9.0,3.61
1785718118116,00:48:38,9.0,14.0,5.0,15.0,15,,234,9.0,3.61
1785718121113,00:48:41,9.0,14.0,5.0,15.0,15,,232,9.0,3.58
1785718122113,00:48:42,9.0,14.0,5.0,15.0,15,,232,9.0,3.58
1785718125111,00:48:45,9.0,14.0,5.0,15.0,15,,232,9.0,3.58
1785718129114,00:48:49,9.0,14.0,5.0,15.0,15,,232,9.0,3.58
1785718130115,00:48:50,9.0,14.0,5.0,15.0,15,,232,9.0,3.58
1785718133120,00:48:53,9.0,14.0,5.0,15.0,15,,233,9.0,3.60
1785718137115,00:48:57,9.0,14.0,5.0,15.0,15,,233,9.0,3.60
1785718141116,00:49:01,9.0,14.0,5.0,15.0,15,,233,9.0,3.60
1785718145114,00:49:05,9.0,14.0,5.0,15.0,15,,233,9.0,3.60
1785718146116,00:49:06,9.0,14.0,5.0,15.0,15,,233,9.0,3.60
1785718149118,00:49:09,9.0,14.0,5.0,15.0,15,,234,9.0,3.61
1785718153117,00:49:13,9.0,14.0,5.0,15.0,15,,233,9.0,3.60
1785718157116,00:49:17,9.0,14.0,5.0,15.0,15,,233,9.0,3.60
1785718161117,00:49:21,9.0,14.0,5.0,15.0,15,,235,9.0,3.63
1785718162126,00:49:22,9.0,14.0,5.0,15.0,15,,235,9.0,3.63
1785718165118,00:49:25,9.0,14.0,5.0,15.0,15,,233,9.0,3.60
1785718169120,00:49:29,9.0,14.0,5.0,15.0,15,,233,9.0,3.60
1785718170119,00:49:30,9.0,14.0,5.0,15.0,15,,233,9.0,3.60
1785718173137,00:49:33,9.0,14.0,5.0,15.0,15,,232,9.0,3.58
1785718177118,00:49:37,9.0,14.0,5.0,15.0,15,,232,9.0,3.58
1785718178119,00:49:38,9.0,14.0,5.0,15.0,15,,232,9.0,3.58
1785718181122,00:49:41,9.0,14.0,5.0,15.0,15,,232,9.0,3.58
1785718182121,00:49:42,9.0,14.0,5.0,15.0,15,,232,9.0,3.58
1785718185123,00:49:45,9.0,14.0,5.0,15.0,15,,231,9.0,3.57
1785718186121,00:49:46,9.0,14.0,5.0,15.0,15,,231,9.0,3.57
1785718189122,00:49:49,9.0,14.0,5.0,15.0,15,,233,9.0,3.60
1785718190121,00:49:50,9.0,14.0,5.0,15.0,15,,233,9.0,3.60
1785718193121,00:49:53,9.0,14.0,5.0,15.0,15,,232,9.0,3.58
1785718197122,00:49:57,9.0,14.0,5.0,15.0,15,,232,9.0,3.58
1785718201121,00:50:01,9.0,14.0,5.0,15.0,15,,233,9.0,3.60
1785718205123,00:50:05,9.0,14.0,5.0,15.0,15,,232,9.0,3.58
1785718209126,00:50:09,9.0,14.0,5.0,15.0,15,,233,9.0,3.60
1785718213123,00:50:13,9.0,14.0,5.0,15.0,15,,232,9.0,3.58
1785718214123,00:50:14,9.0,14.0,5.0,15.0,15,,232,9.0,3.58
1785718217136,00:50:17,9.0,14.0,5.0,15.0,15,,232,9.0,3.58
1785718221134,00:50:21,9.0,14.0,5.0,15.0,15,,235,9.0,3.63
1785718222124,00:50:22,9.0,14.0,5.0,15.0,15,,235,9.0,3.63
1785718225138,00:50:25,9.0,14.0,5.0,15.0,15,,233,9.0,3.60
1785718226123,00:50:26,9.0,14.0,5.0,15.0,15,,233,9.0,3.60
1785718229123,00:50:29,9.0,14.0,5.0,15.0,15,,233,9.0,3.60
1785718233134,00:50:33,9.0,14.0,5.0,15.0,15,,231,9.0,3.57
1785718234126,00:50:34,9.0,14.0,5.0,15.0,15,,231,9.0,3.57
1785718237144,00:50:37,9.0,14.0,5.0,15.0,15,,231,9.0,3.57
1785718241122,00:50:41,9.0,14.0,5.0,15.0,15,,233,9.0,3.60
1785718245129,00:50:45,9.0,14.0,5.0,15.0,15,,233,9.0,3.60
1785718246125,00:50:46,9.0,14.0,5.0,15.0,15,,233,9.0,3.60
1785718249138,00:50:49,9.0,14.0,5.0,15.0,15,,231,9.0,3.57
1785718253127,00:50:53,9.0,14.0,5.0,15.0,15,,234,9.0,3.61
1785718254130,00:50:54,9.0,14.0,5.0,15.0,15,,234,9.0,3.61
1785718257128,00:50:57,9.0,14.0,5.0,15.0,15,,232,9.0,3.58
1785718261129,00:51:01,9.0,14.0,5.0,15.0,15,,233,9.0,3.60
1785718265128,00:51:05,9.0,14.0,5.0,15.0,15,,234,9.0,3.61
1785718266129,00:51:06,9.0,14.0,5.0,15.0,15,,234,9.0,3.61
1785718269131,00:51:09,9.0,14.0,5.0,15.0,15,,233,9.0,3.60
1785718273152,00:51:13,9.0,14.0,5.0,15.0,15,,233,9.0,3.60
1785718277128,00:51:17,9.0,14.0,5.0,15.0,15,,233,9.0,3.60
1785718281135,00:51:21,9.0,14.0,5.0,15.0,15,,232,9.0,3.58
1785718285133,00:51:25,9.0,14.0,5.0,15.0,15,,232,9.0,3.58
1785718289132,00:51:29,9.0,14.0,5.0,15.0,15,,233,9.0,3.60
1785718293139,00:51:33,9.0,14.0,5.0,15.0,15,,233,9.0,3.60
1785718297134,00:51:37,9.0,14.0,5.0,15.0,15,,232,9.0,3.58
1785718301142,00:51:41,9.0,14.0,5.0,15.0,15,,231,9.0,3.57
1785718302130,00:51:42,9.0,14.0,5.0,15.0,15,,231,9.0,3.57
1785718305147,00:51:45,9.0,14.0,5.0,15.0,15,,232,9.0,3.58
1785718309153,00:51:49,9.0,14.0,5.0,15.0,15,,231,9.0,3.57
1785718310132,00:51:50,9.0,14.0,5.0,15.0,15,,231,9.0,3.57
1785718313152,00:51:53,9.0,14.0,5.0,15.0,15,,232,9.0,3.58
1785718317142,00:51:57,9.0,14.0,5.0,15.0,15,,233,9.0,3.60
1785718321150,00:52:01,9.0,14.0,5.0,15.0,15,,233,9.0,3.60
1785718325142,00:52:05,9.0,14.0,5.0,15.0,15,,233,9.0,3.60
1785718326132,00:52:06,9.0,14.0,5.0,15.0,15,,233,9.0,3.60
1785718329154,00:52:09,9.0,14.0,5.0,15.0,15,,232,9.0,3.58
1785718330135,00:52:10,9.0,14.0,5.0,15.0,15,,232,9.0,3.58
1785718333148,00:52:13,9.0,14.0,5.0,15.0,15,,232,9.0,3.58
1785718337150,00:52:17,9.0,14.0,5.0,15.0,15,,232,9.0,3.58
1785718341143,00:52:21,9.0,14.0,5.0,15.0,15,,232,9.0,3.58
1785718345145,00:52:25,9.0,14.0,5.0,15.0,15,,232,9.0,3.58
1785718349145,00:52:29,9.0,14.0,5.0,15.0,15,,234,9.0,3.61
1785718350139,00:52:30,9.0,14.0,5.0,15.0,15,,234,9.0,3.61
1785718353156,00:52:33,9.0,14.0,5.0,15.0,15,,233,9.0,3.60
1785718357139,00:52:37,9.0,14.0,5.0,15.0,15,,232,9.0,3.58
1785718361162,00:52:41,9.0,14.0,5.0,15.0,15,,232,9.0,3.58
1785718362136,00:52:42,9.0,14.0,5.0,15.0,15,,232,9.0,3.58
1785718365136,00:52:45,9.0,14.0,5.0,15.0,15,,232,9.0,3.58
1785718366139,00:52:46,9.0,14.0,5.0,15.0,15,,232,9.0,3.58
1785718369152,00:52:49,9.0,14.0,5.0,15.0,15,,230,9.0,3.55
1785718370137,00:52:50,9.0,14.0,5.0,15.0,15,,230,9.0,3.55
1785718373141,00:52:53,9.0,14.0,5.0,15.0,15,,230,9.0,3.55
1785718374134,00:52:54,9.0,14.0,5.0,15.0,15,,230,9.0,3.55
1785718377138,00:52:57,9.0,14.0,5.0,15.0,15,,231,9.0,3.57
1785718378140,00:52:58,9.0,14.0,5.0,15.0,15,,231,9.0,3.57
1785718381138,00:53:01,9.0,14.0,5.0,15.0,15,,232,9.0,3.58
1785718385139,00:53:05,9.0,14.0,5.0,15.0,15,,232,9.0,3.58
1785718386141,00:53:06,9.0,14.0,5.0,15.0,15,,232,9.0,3.58
1785718389138,00:53:09,9.0,14.0,5.0,15.0,15,,233,9.0,3.60
1785718390141,00:53:10,9.0,14.0,5.0,15.0,15,,233,9.0,3.60
1785718393141,00:53:13,9.0,14.0,5.0,15.0,15,,232,9.0,3.58
1785718394142,00:53:14,9.0,14.0,5.0,15.0,15,,232,9.0,3.58
1785718397142,00:53:17,9.0,14.0,5.0,15.0,15,,232,9.0,3.58
1785718401138,00:53:21,9.0,14.0,5.0,15.0,15,,233,9.0,3.60
1785718405141,00:53:25,9.0,14.0,5.0,15.0,15,,232,9.0,3.58
1785718409141,00:53:29,9.0,14.0,5.0,15.0,15,,233,9.0,3.60
1785718413140,00:53:33,9.0,14.0,5.0,15.0,15,,232,9.0,3.58
1785718417143,00:53:37,9.0,14.0,5.0,15.0,15,,232,9.0,3.58
1785718421143,00:53:41,9.0,14.0,5.0,15.0,15,,233,9.0,3.60
1785718422144,00:53:42,9.0,14.0,5.0,15.0,15,,233,9.0,3.60
1785718425146,00:53:45,9.0,14.0,5.0,15.0,15,,232,9.0,3.58
1785718426144,00:53:46,9.0,14.0,5.0,15.0,15,,232,9.0,3.58
1785718429142,00:53:49,9.0,14.0,5.0,15.0,15,,231,9.0,3.57
1785718430144,00:53:50,9.0,14.0,5.0,15.0,15,,231,9.0,3.57
1785718433144,00:53:53,9.0,14.0,5.0,15.0,15,,230,9.0,3.55
1785718434145,00:53:54,9.0,14.0,5.0,15.0,15,,230,9.0,3.55
1785718437147,00:53:57,9.0,14.0,5.0,15.0,15,,231,9.0,3.57
1785718441145,00:54:01,9.0,14.0,5.0,15.0,15,,232,9.0,3.58
1785718442147,00:54:02,9.0,14.0,5.0,15.0,15,,232,9.0,3.58
1785718445146,00:54:05,9.0,14.0,5.0,15.0,15,,232,9.0,3.58
1785718449145,00:54:09,9.0,14.0,5.0,15.0,15,,233,9.0,3.60
1785718450145,00:54:10,9.0,14.0,5.0,15.0,15,,233,9.0,3.60
1785718453146,00:54:13,9.0,14.0,5.0,15.0,15,,232,9.0,3.58
1785718454147,00:54:14,9.0,14.0,5.0,15.0,15,,232,9.0,3.58
1785718457152,00:54:17,9.0,14.0,5.0,15.0,15,,231,9.0,3.57
1785718461154,00:54:21,9.0,14.0,5.0,15.0,15,,233,9.0,3.60
1785718465154,00:54:25,9.0,14.0,5.0,15.0,15,,233,9.0,3.60
1785718466146,00:54:26,9.0,14.0,5.0,15.0,15,,233,9.0,3.60
1785718469157,00:54:29,9.0,14.0,5.0,15.0,15,,232,9.0,3.58
1785718470152,00:54:30,9.0,14.0,5.0,15.0,15,,232,9.0,3.58
1785718473152,00:54:33,9.0,14.0,5.0,15.0,15,,232,9.0,3.58
1785718477149,00:54:37,9.0,14.0,5.0,15.0,15,,232,9.0,3.58
1785718478150,00:54:38,9.0,14.0,5.0,15.0,15,,232,9.0,3.58
1785718481148,00:54:41,9.0,14.0,5.0,15.0,15,,232,9.0,3.58
1785718482151,00:54:42,9.0,14.0,5.0,15.0,15,,232,9.0,3.58
1785718485150,00:54:45,9.0,14.0,5.0,15.0,15,,232,9.0,3.58
1785718489149,00:54:49,9.0,14.0,5.0,15.0,15,,233,9.0,3.60
1785718490147,00:54:50,9.0,14.0,5.0,15.0,15,,233,9.0,3.60
1785718493150,00:54:53,9.0,14.0,5.0,15.0,15,,232,9.0,3.58
1785718497150,00:54:57,9.0,14.0,5.0,15.0,15,,231,9.0,3.57
1785718501151,00:55:01,9.0,14.0,5.0,15.0,15,,231,9.0,3.57
1785718502152,00:55:02,9.0,14.0,5.0,15.0,15,,231,9.0,3.57
1785718505153,00:55:05,9.0,14.0,5.0,15.0,15,,230,9.0,3.55
1785718509152,00:55:09,9.0,14.0,5.0,15.0,15,,231,9.0,3.57
1785718513158,00:55:13,9.0,14.0,5.0,15.0,15,,231,9.0,3.57
1785718517151,00:55:17,9.0,14.0,5.0,15.0,15,,233,9.0,3.60
1785718518153,00:55:18,9.0,14.0,5.0,15.0,15,,233,9.0,3.60
1785718521151,00:55:21,9.0,14.0,5.0,15.0,15,,231,9.0,3.57
1785718522154,00:55:22,9.0,14.0,5.0,15.0,15,,231,9.0,3.57
1785718525156,00:55:25,9.0,14.0,5.0,15.0,15,,231,9.0,3.57
1785718529156,00:55:29,9.0,14.0,5.0,15.0,15,,232,9.0,3.58
1785718533153,00:55:33,9.0,14.0,5.0,15.0,15,,231,9.0,3.57
1785718537156,00:55:37,9.0,14.0,5.0,15.0,15,,231,9.0,3.57
1785718538154,00:55:38,9.0,14.0,5.0,15.0,15,,231,9.0,3.57
1785718541157,00:55:41,9.0,14.0,5.0,15.0,15,,232,9.0,3.58
1785718545158,00:55:45,9.0,14.0,5.0,15.0,15,,231,9.0,3.57
1785718549157,00:55:49,9.0,14.0,5.0,15.0,15,,231,9.0,3.57
1785718550157,00:55:50,9.0,14.0,5.0,15.0,15,,231,9.0,3.57
1785718553158,00:55:53,9.0,14.0,5.0,15.0,15,,231,9.0,3.57
1785718557154,00:55:57,9.0,14.0,5.0,15.0,15,,233,9.0,3.60
1785718558157,00:55:58,9.0,14.0,5.0,15.0,15,,233,9.0,3.60
1785718561157,00:56:01,9.0,14.0,5.0,15.0,15,,232,9.0,3.58
1785718562156,00:56:02,9.0,14.0,5.0,15.0,15,,232,9.0,3.58
1785718565157,00:56:05,9.0,14.0,5.0,15.0,15,,231,9.0,3.57
1785718566155,00:56:06,9.0,14.0,5.0,15.0,15,,231,9.0,3.57
1785718569161,00:56:09,9.0,14.0,5.0,15.0,15,,231,9.0,3.57
1785718570160,00:56:10,9.0,14.0,5.0,15.0,15,,231,9.0,3.57
1785718573162,00:56:13,9.0,14.0,5.0,15.0,15,,231,9.0,3.57
1785718574163,00:56:14,9.0,14.0,5.0,15.0,15,,231,9.0,3.57
1785718577162,00:56:17,9.0,14.0,5.0,15.0,15,,231,9.0,3.57
1785718578163,00:56:18,9.0,14.0,5.0,15.0,15,,231,9.0,3.57
1785718581163,00:56:21,9.0,14.0,5.0,15.0,15,,232,9.0,3.58
1785718582160,00:56:22,9.0,14.0,5.0,15.0,15,,232,9.0,3.58
1785718585162,00:56:25,9.0,14.0,5.0,15.0,15,,230,9.0,3.55
1785718586159,00:56:26,9.0,14.0,5.0,15.0,15,,230,9.0,3.55
1785718589160,00:56:29,9.0,14.0,5.0,15.0,15,,231,9.0,3.57
1785718590166,00:56:30,9.0,14.0,5.0,15.0,15,,231,9.0,3.57
1785718593164,00:56:33,9.0,14.0,5.0,15.0,15,,231,9.0,3.57
1785718594164,00:56:34,9.0,14.0,5.0,15.0,15,,231,9.0,3.57
1785718598159,00:56:38,9.0,14.0,5.0,15.0,15,,231,9.0,3.57
1785718602165,00:56:42,9.0,14.0,5.0,15.0,15,,231,9.0,3.57
1785718603162,00:56:43,9.0,14.0,5.0,15.0,15,,231,9.0,3.57
1785718606163,00:56:46,9.0,14.0,5.0,15.0,15,,231,9.0,3.57
1785718610164,00:56:50,9.0,14.0,5.0,15.0,15,,231,9.0,3.57
1785718611163,00:56:51,9.0,14.0,5.0,15.0,15,,231,9.0,3.57
1785718614164,00:56:54,9.0,14.0,5.0,15.0,15,,232,9.0,3.58
1785718615166,00:56:55,9.0,14.0,5.0,15.0,15,,232,9.0,3.58
1785718618165,00:56:58,9.0,14.0,5.0,15.0,15,,231,9.0,3.57
1785718622166,00:57:02,9.0,14.0,5.0,15.0,15,,232,9.0,3.58
1785718626164,00:57:06,9.0,14.0,5.0,15.0,15,,231,9.0,3.57
1785718627160,00:57:07,9.0,14.0,5.0,15.0,15,,231,9.0,3.57
1785718630165,00:57:10,9.0,14.0,5.0,15.0,15,,231,9.0,3.57
1785718634167,00:57:14,9.0,14.0,5.0,15.0,15,,230,9.0,3.55
1785718638164,00:57:18,9.0,14.0,5.0,15.0,15,,231,9.0,3.57
1785718642167,00:57:22,9.0,14.0,5.0,15.0,15,,231,9.0,3.57
1785718646166,00:57:26,9.0,14.0,5.0,15.0,15,,230,9.0,3.55
1785718647169,00:57:27,9.0,14.0,5.0,15.0,15,,230,9.0,3.55
1785718650163,00:57:30,9.0,14.0,5.0,15.0,15,,232,9.0,3.58
1785718651167,00:57:31,9.0,14.0,5.0,15.0,15,,232,9.0,3.58
1785718654168,00:57:34,9.0,14.0,5.0,15.0,15,,232,9.0,3.58
1785718658168,00:57:38,9.0,14.0,5.0,15.0,15,,230,9.0,3.55
1785718662172,00:57:42,9.0,14.0,5.0,15.0,15,,231,9.0,3.57
1785718666167,00:57:46,9.0,14.0,5.0,15.0,15,,231,9.0,3.57
1785718670171,00:57:50,9.0,14.0,5.0,15.0,15,,231,9.0,3.57
1785718724908,00:58:44,2.0,4.0,2.0,11.0,4,,79,2.0,0.31
1785718725906,00:58:45,2.0,4.0,2.0,11.0,4,,79,2.0,0.31
